,Product_SKU,Product_Category,Product_Description
0,GGOENEBJ079499,Nest-USA,Nest Learning Thermostat 3rd Gen-USA - Stainless Steel
2,GGOEGFKQ020399,Office,Google Laptop and Cell Phone Stickers
3,GGOEGAAB010516,Apparel,Google Men's 100% Cotton Short Sleeve Hero Tee Black
4,GGOEGBJL013999,Bags,Google Canvas Tote Natural/Navy
5,GGOEGBMJ013399,Bags,Sport Bag
6,GGOEGDHC018299,Drinkware,Google 22 oz Water Bottle
7,GGOEGDHG014499,Drinkware,Google Infuser-Top Water Bottle
8,GGOEGDWC020199,Drinkware,Engraved Ceramic Google Mug
9,GGOEGGOA017399,Office,Maze Pen
10,GGOEGOFH020299,Office,Galaxy Screen Cleaning Cloth
11,GGOEGOXQ016399,Office,Badge Holder
12,GGOEYAAB031816,Apparel,YouTube Men's Short Sleeve Hero Tee Black
13,GGOENEBQ078999,Nest-USA,Nest Cam Outdoor Security Camera - USA
14,GGOENEBQ079199,Nest-USA,Nest Protect Smoke + CO White Wired Alarm-USA
15,GGOEGAAR010714,Apparel,Google Men's 100% Cotton Short Sleeve Hero Tee Red
16,GGOEGAEQ027913,Apparel,Google Women's Short Sleeve Hero Tee White
17,GGOEGDWR015799,Drinkware,Red Shine 15 oz Mug
18,GGOEGFQB013799,Lifestyle,Compact Selfie Stick
20,GGOEGOAQ012899,Office,Ballpoint LED Light Pen
21,GGOEGOAR021999,Office,Color Changing Grip Pen
22,GGOEGOBG023599,Office,Colored Pencil Set
23,GGOEGOLC013299,Office,Spiral Notebook and Pen Set
24,GGOENEBB078899,Nest-USA,Nest Cam Indoor Security Camera - USA
26,GGOEAFKQ020599,Office,Android Sticker Sheet Ultra Removable
27,GGOEGDHC015299,Drinkware,23 oz Wide Mouth Sport Bottle
29,GGOEYFKQ020699,Office,YouTube Custom Decals
30,GGOEYOCR078099,Notebooks & Journals,YouTube Spiral Journal with Pen
31,GGOEGATB060415,Apparel,Google Women's Quilted Insulated Vest Black
32,GGOEGDHC074099,Drinkware,Google 17oz Stainless Steel Sport Bottle
34,GGOEGAAJ080615,Apparel,Google Men's Bike Short Sleeve Tee Charcoal
35,GGOEGAAL010615,Apparel,Google Men's 100% Cotton Short Sleeve Hero Tee Navy
36,GGOEGAEB027814,Apparel,Google Women's Short Sleeve Hero Tee Black
37,GGOEGAEC029114,Apparel,Google Women's Short Sleeve Hero Tee Sky Blue
38,GGOEGAER029714,Apparel,Google Women's Short Sleeve Hero Tee Red Heather
39,GGOEGAFJ036214,Apparel,Google Men's Pullover Hoodie Grey
40,GGOEGAYC068324,Apparel,Google Youth Short Sleeve T-shirt Royal Blue
41,GGOEGAYH068425,Apparel,Google Youth Short Sleeve T-shirt Green
42,GGOEGBJR018199,Bags,Reusable Shopping Bag
43,GGOEGFSR022099,Lifestyle,Google Kick Ball
44,GGOEGHPA003010,Headgear,Google Wool Heather Cap Heather/Navy
45,GGOEGKAA019299,Office,Switch Tone Color Crayon Pen
46,GGOEGPJC019099,Lifestyle,7&quot; Dog Frisbee
47,GGOEGPJR018999,Lifestyle,7&quot; Dog Frisbee
49,GGOEGAAJ073414,Apparel,Google Men's Short Sleeve Hero Tee Heather
50,GGOEWEBB082699,Waze,Waze Mobile Phone Vent Mount
51,GGOENEBQ079099,Nest-USA,Nest Protect Smoke + CO White Battery Alarm-USA
56,GGOEADHB014799,Drinkware,Android Glass Water Bottle with Black Sleeve
57,GGOEADWQ015699,Drinkware,Android Rise 14 oz Mug
58,GGOEGAPB058615,Apparel,Google Women's Yoga Jacket Black
59,GGOEGBJC019999,Bags,Collapsible Shopping Bag
60,GGOEGHPA002910,Headgear,Google Trucker Hat
62,GGOEYOBR078599,Fun,YouTube Luggage Tag
63,GGOEGAAB010517,Apparel,Google Men's 100% Cotton Short Sleeve Hero Tee Black
67,GGOEYAFB073115,Apparel,YouTube Men's Fleece Hoodie Black
68,GGOEGAAJ073415,Apparel,Google Men's Short Sleeve Hero Tee Heather
83,GGOEGAPB058214,Apparel,Google Women's Lightweight Microfleece Jacket
89,GGOEGHPJ080110,Headgear,Google 5-Panel Cap
90,GGOEAKDH019899,Lifestyle,Windup Android
92,GGOENEBJ081899,Nest-Canada,Nest Learning Thermostat 3rd Gen - CA - Stainless Steel
93,GGOENEBQ081699,Nest-Canada,Nest Protect Smoke + CO White Battery Alarm - CA
95,GGOEGBRD079699,Backpacks,25L Classic Rucksack
96,GGOEGBRJ037299,Bags,Google Alpine Style Backpack
97,GGOEGFKA022299,Office,Keyboard DOT Sticker
99,GGOEGHPJ080010,Headgear,Google French Terry Cap
101,GGOENEBQ081799,Nest-Canada,Nest Protect Smoke + CO White Wired Alarm - CA
104,GGOEGOAB021499,Office,Metal Texture Roller Pen
107,GGOEGALP036317,Apparel,Google Women's Long Sleeve Tee Lavender
110,GGOEGADB057316,Apparel,Google Men's Lightweight Microfleece Jacket Black
111,GGOENEBB081499,Nest-Canada,Nest Cam Indoor Security Camera - CA
113,GGOEGAEC033115,Apparel,Google Men's Long Sleeve Raglan Ocean Blue
118,GGOEGDHB071999,Drinkware,Google 40 oz Insulated Monster Bottle
125,GGOEGOCC017599,Office,Recycled Paper Journal Set
126,GGOEGOCR017899,Office,Recycled Paper Journal Set
130,GGOEGFKQ020799,Office,Google Doodle Decal
131,GGOEGOAQ018099,Office,Pen Pencil & Highlighter Set
133,GGOEGPJC203399,Lifestyle,Crunch Noise Dog Toy
134,GGOEGPXC023299,Lifestyle,Google Collapsible Pet Bowl
137,GGOEGAEC033114,Apparel,Google Men's Long Sleeve Raglan Ocean Blue
138,GGOEGALJ036417,Apparel,Google Women's Tee Grey
139,GGOEGAWR061050,Apparel,Google Onesie Red/Graphite
140,GGOEGAXC065655,Apparel,Google Toddler Hoodie Royal Blue
141,GGOEGAXJ065728,Apparel,Google Toddler 1/4 Zip Fleece Pewter
142,GGOEGAXJ065755,Apparel,Google Toddler 1/4 Zip Fleece Pewter
143,GGOEGAXL065928,Apparel,Google Toddler Raglan Shirt Blue Heather/Navy
144,GGOEGAXL065955,Apparel,Google Toddler Raglan Shirt Blue Heather/Navy
151,GGOEAAWC062450,Apparel,Android Infant Short Sleeve Tee Aqua
152,GGOEGAAJ080614,Apparel,Google Men's Bike Short Sleeve Tee Charcoal
153,GGOEGALQ034214,Apparel,Google Women's Vintage Hero Tee White
154,GGOEGDHQ015399,Drinkware,26 oz Double Wall Insulated Bottle
157,GGOEGOBC078699,Fun,Google Luggage Tag
159,GGOEAAAB034914,Apparel,Android BTTF Moonshot Graphic Tee
160,GGOEAAAJ032414,Apparel,Android Men's Short Sleeve Tri-blend Hero Tee Grey
169,GGOEGAAR010715,Apparel,Google Men's 100% Cotton Short Sleeve Hero Tee Red
170,GGOEGAWC062849,Apparel,Google Infant Zip Hood Royal Blue
171,GGOEGHPB071610,Apparel,Google Twill Cap
172,GGOEWFKA083299,Waze,Waze Mood Ninja Window Decal
178,GGOEAOBH078799,Fun,Android Luggage Tag
180,GGOEYHPB072210,Apparel,YouTube Twill Cap
187,GGOEYAQB073215,Apparel,YouTube Women's Fleece Hoodie Black
192,GGOEGBMB073799,Bags,Google Zipper-front Sports Bag
193,GGOEGDHG082499,Google,Google 25 oz Clear Stainless Steel Bottle
195,GGOEGHGH019699,Lifestyle,Google Sunglasses
196,GGOEGHGT019599,Lifestyle,Google Sunglasses
197,GGOEYAFB073114,Apparel,YouTube Men's Fleece Hoodie Black
206,GGOEGADJ059714,Apparel,Google Men's Quilted Insulated Vest Battleship Grey
207,GGOEYAEJ033516,Apparel,YouTube Men's Long Sleeve Pullover Badge Tee Heather
215,GGOEGADJ059413,Apparel,Google Men's Microfiber 1/4 Zip Pullover Grey/Black
218,GGOEGALL074615,Apparel,Google Women's Short Sleeve Badge Tee Navy
219,GGOEGAXC065255,Apparel,Google Toddler Short Sleeve T-shirt Royal Blue
220,GGOEGAXH065330,Apparel,Google Toddler Short Sleeve T-shirt Green
226,GGOEAHPJ004314,Headgear,Android Stretch Fit Hat M/L
227,GGOEYDHJ019399,Drinkware,24 oz YouTube Sergeant Stripe Bottle
230,GGOEYOLR018699,Office,YouTube Leatherette Notebook Combo
232,GGOEGHGC019799,Lifestyle,Google Sunglasses
246,GGOEAFKQ020499,Office,8 pc Android Sticker Sheet
253,GGOEGAEB027815,Apparel,Google Women's Short Sleeve Hero Tee Black
254,GGOEGAEQ027914,Apparel,Google Women's Short Sleeve Hero Tee White
262,GGOEGBRC021399,Lifestyle,Yoga Mat Blue
263,GGOEGHPJ080310,Headgear,Google Blackout Cap
265,GGOEGFYQ016599,Drinkware,Foam Can and Bottle Cooler
276,GGOEGDHQ014899,Drinkware,20 oz Stainless Steel Insulated Tumbler
278,GGOEGOCB017499,Office,Leatherette Journal
290,GGOEAAAJ032416,Apparel,Android Men's Short Sleeve Tri-blend Hero Tee Grey
291,GGOEAAAJ034516,Apparel,Android Men's Vintage Tee
292,GGOEGAAJ059116,Apparel,Google Men's Short Sleeve Performance Badge Tee Pewter
293,GGOEGAAQ033916,Apparel,Google Men's Vintage Badge Tee White
294,GGOEGAFJ036216,Apparel,Google Men's Pullover Hoodie Grey
295,GGOEGCNB021099,Lifestyle,Seat Pack Organizer
302,GGOEGHGR019499,Lifestyle,Google Sunglasses
307,GGOEGDHR018499,Drinkware,Google 22 oz Water Bottle
308,GGOEGOAR021899,Office,Retractable Ballpoint Pen Red
313,GGOEGBPB021199,Bags,Google Slim Utility Travel Bag
316,GGOEGOCT019199,Office,Red Spiral Google Notebook
318,GGOEGOCC077299,Notebooks & Journals,Google RFID Journal
324,GGOEADHH055999,Bottles,22 oz Android Bottle
327,GGOEGCMB020932,Bags,Suitcase Organizer Cubes
330,GGOEWAAJ082815,Waze,Waze Men's Short Sleeve Tee
331,GGOEWFKA083199,Waze,Waze Mood Original Window Decal
349,GGOEGALJ034413,Apparel,Google Women's Vintage Hero Tee Platinum
350,GGOEGCBN016899,Lifestyle,Google Pet Feeding Mat
358,GGOEGAAJ032616,Apparel,Google Men's Short Sleeve Badge Tee Charcoal
359,GGOEGADC059516,Apparel,Google Men's Microfiber 1/4 Zip Pullover Blue/Indigo
360,GGOEGAEC033116,Apparel,Google Men's Long Sleeve Raglan Ocean Blue
361,GGOEGAER029215,Apparel,Google Women's Short Sleeve Badge Tee Red Heather
362,GGOEGAFB035816,Apparel,Google Men's  Zip Hoodie
363,GGOEGATC060314,Apparel,Google Women's 1/4 Zip Performance Pullover Two-Tone Blue
365,GGOEGAPB057814,Apparel,Women's Performance Full Zip Jacket Black
366,GGOEGAQJ058714,Apparel,Google Women's Zip Hoodie Grey
372,GGOEGOAA017199,Office,Rubber Grip Ballpoint Pen 4 Pack
385,GGOEGAAQ010417,Apparel,Google Men's 100% Cotton Short Sleeve Hero Tee White
391,GGOEGBCR024399,Bags,Google Lunch Bag
392,GGOEGDHB072099,Drinkware,Google Insulated Stainless Steel Bottle
399,GGOEGGCX056499,Gift Cards,Gift Card - $50.00
406,GGOENEBB079299,Nest-USA,Nest Protect Smoke + CO Black Battery Alarm-USA
414,GGOEGDHB072199,Drinkware,Google Accent Insulated Stainless Steel Bottle
420,GGOEGOLC014299,Office,Google Metallic Notebook Set
421,GGOEGBRA037499,Bags,Waterproof Backpack
433,GGOEGAAJ080616,Apparel,Google Men's Bike Short Sleeve Tee Charcoal
434,GGOEGADB057315,Apparel,Google Men's Lightweight Microfleece Jacket Black
435,GGOEGADB059215,Apparel,Google Men's Airflow 1/4 Zip Pullover Black
436,GGOEGADJ057115,Apparel,Google Men's Performance 1/4 Zip Pullover Heather/Black
437,GGOEGADJ059715,Apparel,Google Men's Quilted Insulated Vest Battleship Grey
439,GGOEGBMB073599,More Bags,Google Collapsible Duffel Black
448,GGOEGOAQ015999,Office,Gel Roller Pen
451,GGOEGADB059615,Apparel,Google Men's Quilted Insulated Vest Black
453,GGOEGAWH061353,Apparel,Google Onesie Green
457,GGOENEBQ081599,Nest-Canada,Nest Cam Outdoor Security Camera - CA
475,GGOEGAEJ031315,Apparel,Google Tri-blend Hoodie Grey
476,GGOEGAFB035815,Apparel,Google Men's  Zip Hoodie
487,GGOEGAAB058913,Apparel,Google Men's Short Sleeve Performance Badge Tee Black
488,GGOEGAAJ032613,Apparel,Google Men's Short Sleeve Badge Tee Charcoal
495,GGOEGADJ056813,Apparel,Google Men's Watershed Full Zip Hoodie Grey
499,GGOEGAEC033113,Apparel,Google Men's Long Sleeve Raglan Ocean Blue
500,GGOEGCKQ013199,Lifestyle,1 oz Hand Sanitizer
508,GGOEGAAQ010414,Apparel,Google Men's 100% Cotton Short Sleeve Hero Tee White
509,GGOEGAAQ010415,Apparel,Google Men's 100% Cotton Short Sleeve Hero Tee White
514,GGOEGADC059515,Apparel,Google Men's Microfiber 1/4 Zip Pullover Blue/Indigo
529,GGOEGOAA017099,Office,Ballpoint Stick Pen 4 Pack
537,GGOEGAQB036015,Apparel,Google Women's Fleece Hoodie
540,GGOEGATB060413,Apparel,Google Women's Quilted Insulated Vest Black
541,GGOEGATC060313,Apparel,Google Women's 1/4 Zip Performance Pullover Two-Tone Blue
548,GGOEGBFC018799,Bags,Electronics Accessory Pouch
549,GGOEGBJC014399,Bags,Google Tote Bag
551,GGOEGCLB020832,Bags,Softsided Travel Pouch Set
552,GGOEGOAB021699,Office,Google Ballpoint Pen Black
553,GGOEGOAR013599,Office,Ballpoint Stylus Pen
561,GGOEGADJ059416,Apparel,Google Men's Microfiber 1/4 Zip Pullover Grey/Black
562,GGOEGAER029213,Apparel,Google Women's Short Sleeve Badge Tee Red Heather
563,GGOEAAXC066430,Apparel,Android Toddler Short Sleeve T-shirt Aqua
564,GGOEAAXN066330,Apparel,Android Toddler Short Sleeve T-shirt Pink
571,GGOEGOAQ020099,Office,Four Color Retractable Pen
583,GGOEAAEB031215,Apparel,Android Heavyweight Long Sleeve Badge Tee Black
585,GGOEADHH073999,Drinkware,Android 17oz Stainless Steel Sport Bottle
592,GGOEGADB056716,Apparel,Men's Softshell Jacket Black/Grey
594,GGOEGADB056715,Apparel,Men's Softshell Jacket Black/Grey
596,GGOEGADB057317,Apparel,Google Men's Lightweight Microfleece Jacket Black
603,GGOEGGCX056199,Gift Cards,Gift Card- $100.00
609,GGOEGAAB010515,Apparel,Google Men's 100% Cotton Short Sleeve Hero Tee Black
610,GGOEGDHC082299,Drinkware,Google 25 oz Blue Stainless Steel Bottle
611,GGOEGDHR082199,Drinkware,Google 25 oz Red Stainless Steel Bottle
613,GGOEGCBQ016499,Housewares,SPF-15 Slim & Slender Lip Balm
625,GGOEAAAJ080814,Apparel,Android Men's Engineer Short Sleeve Tee Charcoal
627,GGOEGGCX056299,Gift Cards,Gift Card - $25.00
636,GGOEGOAB016099,Office,Leather and Metal Ballpoint Pen
637,GGOEGOCD078199,Notebooks & Journals,Google Leather Journal-Brown
638,GGOEWFKA082999,Waze,Waze Baby on Board Window Decal
640,GGOEYDHJ056099,Bottles,22 oz YouTube Bottle Infuser
641,GGOEYHPA003510,Headgear,YouTube Trucker Hat
642,GGOEYHPA003610,Headgear,YouTube Wool Heather Cap Heather/Black
644,GGOEYOCR077399,Notebooks & Journals,YouTube RFID Journal
645,GGOEYOCR077799,Notebooks & Journals,YouTube Hard Cover Journal
655,GGOEGAAJ080715,Apparel,Google Men's Around The Block Short Sleeve Tee Ash
657,GGOEGFAQ016699,Drinkware,Bottle Opener Clip
665,GGOEGOCL077699,Notebooks & Journals,Google Hard Cover Journal
674,GGOEADHH082399,Drinkware,Android 25 oz Green Apple Stainless Steel Bottle
679,GGOEGOGA016299,Office,Grip Highlighter Pen 3 Pack
683,GGOEGAAQ010416,Apparel,Google Men's 100% Cotton Short Sleeve Hero Tee White
693,GGOEGOAC021799,Office,Ballpoint Pen Blue
718,GGOEGAFJ036213,Apparel,Google Men's Pullover Hoodie Grey
724,GGOEGAFB035814,Apparel,Google Men's  Zip Hoodie
725,GGOEGAAJ057015,Apparel,Google Men's Short Sleeve Performance Badge Tee Charcoal
726,GGOEGAYT068556,Apparel,Google Youth Short Sleeve T-shirt Yellow
728,GGOEWALJ082715,Waze,Waze Women's Short Sleeve Tee
730,GGOEWFKA083099,Waze,Waze Mood Happy Window Decal
735,GGOEGBRJ037399,Bags,Google Rucksack
738,GGOEGAFJ036215,Apparel,Google Men's Pullover Hoodie Grey
739,GGOEYAFB073116,Apparel,YouTube Men's Fleece Hoodie Black
741,GGOEGOCC077999,Notebooks & Journals,Google Spiral Journal with Pen
742,GGOEGAAJ032715,Apparel,Google Men's Skater Tee Grey
743,GGOEGAAL059015,Apparel,Google Men's Short Sleeve Performance Badge Tee Navy
749,GGOEACCQ017299,Lifestyle,Android Lunch Kit
750,GGOEGADB059613,Apparel,Google Men's Quilted Insulated Vest Black
754,GGOEGAAB033814,Apparel,Google Men's Vintage Badge Tee Black
755,GGOEGAAJ057014,Apparel,Google Men's Short Sleeve Performance Badge Tee Charcoal
756,GGOEGAAL059014,Apparel,Google Men's Short Sleeve Performance Badge Tee Navy
766,GGOEGOAB015899,Office,Rainbow Stylus Pen
829,GGOEGAAB058916,Apparel,Google Men's Short Sleeve Performance Badge Tee Black
830,GGOEGAER029713,Apparel,Google Women's Short Sleeve Hero Tee Red Heather
841,GGOEGAAL010616,Apparel,Google Men's 100% Cotton Short Sleeve Hero Tee Navy
845,GGOEAAAC080915,Apparel,Android Lifted Men's Short Sleeve Tee Blue
846,GGOEAAAJ032415,Apparel,Android Men's Short Sleeve Tri-blend Hero Tee Grey
848,GGOEGAAJ073015,Apparel,Google Men's Performance Hero Tee Gunmetal
855,GGOEGOAR013099,Office,Google Stylus Pen w/ LED Light
859,GGOEYAAB031815,Apparel,YouTube Men's Short Sleeve Hero Tee Black
860,GGOEYAWR062350,Apparel,YouTube Infant Short Sleeve Tee Red
861,GGOEGAEA030413,Apparel,Google Womens 3/4 Sleeve Baseball Raglan Heather/Black
934,GGOEGAAJ032617,Apparel,Google Men's Short Sleeve Badge Tee Charcoal
935,GGOEGAEA030416,Apparel,Google Womens 3/4 Sleeve Baseball Raglan Heather/Black
936,GGOEGAEC029116,Apparel,Google Women's Short Sleeve Hero Tee Sky Blue
939,GGOEGAFB035813,Apparel,Google Men's  Zip Hoodie
962,GGOEAAAL081117,Apparel,Android Men's Pep Rally Short Sleeve Tee Navy
964,GGOEYAAB031817,Apparel,YouTube Men's Short Sleeve Hero Tee Black
965,GGOEGAAL010613,Apparel,Google Men's 100% Cotton Short Sleeve Hero Tee Navy
979,GGOEGAAB033816,Apparel,Google Men's Vintage Badge Tee Black
986,GGOEGAAR010716,Apparel,Google Men's 100% Cotton Short Sleeve Hero Tee Red
1005,GGOEGAAJ032314,Apparel,Google Men's Short Sleeve Hero Tee Charcoal
1007,GGOEWAAJ083514,Waze,Waze Men's Typography Short Sleeve Tee
1010,GGOEGAAC035014,Apparel,Google Men's Bayside Graphic Tee
1012,GGOEGAAJ032315,Apparel,Google Men's Short Sleeve Hero Tee Charcoal
1013,GGOEGAAJ032316,Apparel,Google Men's Short Sleeve Hero Tee Charcoal
1015,GGOEGAAB010514,Apparel,Google Men's 100% Cotton Short Sleeve Hero Tee Black
1020,GGOEGAQB036014,Apparel,Google Women's Fleece Hoodie
1052,GGOEYAAJ032517,Apparel,YouTube Men's Short Sleeve Hero Tee Charcoal
1057,GGOEAAYJ068825,Apparel,Android Youth Short Sleeve T-shirt Pewter
1058,GGOEAAYJ068826,Apparel,Android Youth Short Sleeve T-shirt Pewter
1063,GGOEGBRP037599,Lifestyle,Yoga Mat Purple
1093,GGOEGAAB058914,Apparel,Google Men's Short Sleeve Performance Badge Tee Black
1094,GGOEGAAB058915,Apparel,Google Men's Short Sleeve Performance Badge Tee Black
1096,GGOEGALB059913,Apparel,Google Women's Short Sleeve Performance Tee Black
1097,GGOEGALB059914,Apparel,Google Women's Short Sleeve Performance Tee Black
1098,GGOEGALB059915,Apparel,Google Women's Short Sleeve Performance Tee Black
1109,GGOEGAAQ010413,Apparel,Google Men's 100% Cotton Short Sleeve Hero Tee White
1110,GGOEGADB057314,Apparel,Google Men's Lightweight Microfleece Jacket Black
1122,GGOEYAQB073213,Apparel,YouTube Women's Fleece Hoodie Black
1123,GGOEGAAJ080714,Apparel,Google Men's Around The Block Short Sleeve Tee Ash
1141,GGOEWAAJ082816,Waze,Waze Men's Short Sleeve Tee
1143,GGOEGAPJ058014,Apparel,Google Women's 1/4 Zip Jacket Charcoal
1145,GGOEAAAH083314,Android,Android Men's Paradise Short Sleeve Tee Olive
1146,GGOEAAAJ032417,Apparel,Android Men's Short Sleeve Tri-blend Hero Tee Grey
1147,GGOEAAEB031617,Apparel,Android Men's 3/4 Sleeve Raglan Henley Black
1148,GGOEAAXJ066255,Apparel,Android Toddler Short Sleeve T-shirt Pewter
1150,GGOEGAER029716,Apparel,Google Women's Short Sleeve Hero Tee Red Heather
1158,GGOEYOLR080599,Office,YouTube Notebook and Pen Set
1173,GGOEGAPB057813,Apparel,Women's Performance Full Zip Jacket Black
1182,GGOEYAAB031813,Apparel,YouTube Men's Short Sleeve Hero Tee Black
1188,GGOEGDHC022999,Drinkware,Insulated Bottle
1193,GGOEGAYH067925,Apparel,Google Youth Girl Tee Green
1194,GGOEGAYQ068925,Apparel,Google Youth Girl Hoodie
1197,GGOEGAAB058917,Apparel,Google Men's Short Sleeve Performance Badge Tee Black
1199,GGOEGADB056617,Apparel,Men's Weatherblock Shell Jacket Black
1200,GGOEGADB056717,Apparel,Men's Softshell Jacket Black/Grey
1217,GGOEYAEJ033514,Apparel,YouTube Men's Long Sleeve Pullover Badge Tee Heather
1227,GGOEGAYQ068956,Apparel,Google Youth Girl Hoodie
1230,GGOEAHPJ074410,Apparel,Android Twill Cap
1232,GGOEGADB059614,Apparel,Google Men's Quilted Insulated Vest Black
1234,GGOEGATB060215,Apparel,Google Women's 1/4 Zip Performance Pullover Black
1235,GGOEGAYB068056,Apparel,Google Youth Baseball Raglan Heather/Black
1237,GGOEYAEA035114,Apparel,YouTube Men's Vintage Henley
1244,GGOEGAEB027816,Apparel,Google Women's Short Sleeve Hero Tee Black
1257,GGOEGAAJ080613,Apparel,Google Men's Bike Short Sleeve Tee Charcoal
1258,GGOEGARJ058413,Apparel,Google Women's Yoga Pants
1259,GGOEGHPL003113,Headgear,Google Stretch Fit Hat S/M Navy
1260,GGOEGHPL003214,Headgear,Google Stretch Fit Hat M/L Navy
1269,GGOEGALP034313,Apparel,Google Women's Vintage Hero Tee Lavender
1279,GGOEGADB056714,Apparel,Men's Softshell Jacket Black/Grey
1280,GGOEGBJB022599,Bags,Large Zipper Top Tote Bag
1287,GGOEAAEB031216,Apparel,Android Heavyweight Long Sleeve Badge Tee Black
1289,GGOEGAEC029115,Apparel,Google Women's Short Sleeve Hero Tee Sky Blue
1292,GGOEGAQB036013,Apparel,Google Women's Fleece Hoodie
1298,GGOEGOAC016199,Office,Executive Twist Ballpoint Pen
1306,GGOEGAAH034016,Apparel,Google Men's Vintage Badge Tee Sage
1311,GGOEGAYB068026,Apparel,Google Youth Baseball Raglan Heather/Black
1312,GGOEGAYQ069026,Apparel,Google Youth Short Sleeve Tee White
1354,GGOEGAAJ059114,Apparel,Google Men's Short Sleeve Performance Badge Tee Pewter
1371,GGOEGAAL059016,Apparel,Google Men's Short Sleeve Performance Badge Tee Navy
1417,GGOEAAWC062448,Apparel,Android Infant Short Sleeve Tee Aqua
1418,GGOEAAWN062648,Apparel,Android Infant Short Sleeve Tee Pink
1435,GGOEGADJ056815,Apparel,Google Men's Watershed Full Zip Hoodie Grey
1444,GGOEGOAB022499,Office,Satin Black Ballpoint Pen
1455,GGOEYAAJ032514,Apparel,YouTube Men's Short Sleeve Hero Tee Charcoal
1460,GGOEGAAJ080716,Apparel,Google Men's Around The Block Short Sleeve Tee Ash
1461,GGOEGADC059514,Apparel,Google Men's Microfiber 1/4 Zip Pullover Blue/Indigo
1469,GGOEGAEQ027915,Apparel,Google Women's Short Sleeve Hero Tee White
1470,GGOEAAAJ080815,Apparel,Android Men's Engineer Short Sleeve Tee Charcoal
1471,GGOEAAAJ080816,Apparel,Android Men's Engineer Short Sleeve Tee Charcoal
1472,GGOEAAXJ066229,Apparel,Android Toddler Short Sleeve T-shirt Pewter
1476,GGOEGAXH065329,Apparel,Google Toddler Short Sleeve T-shirt Green
1480,GGOEGAAJ032615,Apparel,Google Men's Short Sleeve Badge Tee Charcoal
1482,GGOEGAER035515,Apparel,Google Men's Vintage Tank
1483,GGOEGAXL065930,Apparel,Google Toddler Raglan Shirt Blue Heather/Navy
1485,GGOEYAEA035115,Apparel,YouTube Men's Vintage Henley
1508,GGOEGAER029715,Apparel,Google Women's Short Sleeve Hero Tee Red Heather
1517,GGOEGOAB012999,Office,Ballpoint Pen & Matching Tube Case
1527,GGOEGALQ034215,Apparel,Google Women's Vintage Hero Tee White
1530,GGOEGALB034113,Apparel,Google Women's Vintage Hero Tee Black
1534,GGOEA0CH077599,Notebooks & Journals,Android Hard Cover Journal
1540,GGOEGAAJ032716,Apparel,Google Men's Skater Tee Grey
1541,GGOEGAXQ067128,Apparel,Google Toddler Short Sleeve Tee White
1549,GGOEGAEC029113,Apparel,Google Women's Short Sleeve Hero Tee Sky Blue
1576,GGOEGADJ057116,Apparel,Google Men's Performance 1/4 Zip Pullover Heather/Black
1578,GGOEYAYR068625,Apparel,YouTube Youth Short Sleeve Tee Red
1597,GGOENEBB079399,Nest-USA,Nest Protect Smoke + CO Black Wired Alarm-USA
1607,GGOEAAQB036114,Apparel,Android Women's Fleece Hoodie
1608,GGOEAAQB036115,Apparel,Android Women's Fleece Hoodie
1609,GGOEGAFB035817,Apparel,Google Men's  Zip Hoodie
1627,GGOEGAYR023499,Lifestyle,Straw Beach Mat
1634,GGOEYAAQ031717,Apparel,YouTube Men's Short Sleeve Hero Tee  White
1639,GGOEGAHB057416,Apparel,Google Men's Performance Polo Grey/Black
1646,GGOEYAAB034615,Apparel,YouTube Men's Vintage Tee
1650,GGOEGHPL003315,Headgear,Google Stretch Fit Hat L/XL Navy
1697,GGOEAAAQ032015,Apparel,Android Men's Short Sleeve Hero Tee White
1701,GGOEGAAR010717,Apparel,Google Men's 100% Cotton Short Sleeve Hero Tee Red
1704,GGOEGAEJ031314,Apparel,Google Tri-blend Hoodie Grey
1705,GGOEGAER033214,Apparel,Google Men's Long Sleeve Raglan Cranberry
1724,GGOEGAEJ031313,Apparel,Google Tri-blend Hoodie Grey
1747,GGOEGAAJ032614,Apparel,Google Men's Short Sleeve Badge Tee Charcoal
1760,GGOEAAXN066329,Apparel,Android Toddler Short Sleeve T-shirt Pink
1761,GGOEGAXT065429,Apparel,Google Toddler Short Sleeve T-shirt Yellow
1762,GGOEYAXR066129,Apparel,You Tube Toddler Short Sleeve Tee Red
1770,GGOEGAEJ035313,Apparel,Google Vintage Henley Grey/Black
1771,GGOEGAER033213,Apparel,Google Men's Long Sleeve Raglan Cranberry
1789,GGOEGAAL010614,Apparel,Google Men's 100% Cotton Short Sleeve Hero Tee Navy
1799,GGOEGCBC016999,Lifestyle,Google Pet Feeding Mat
1805,GGOEAAAH083315,Android,Android Men's Paradise Short Sleeve Tee Olive
1855,GGOEGAAQ033915,Apparel,Google Men's Vintage Badge Tee White
1859,GGOEGAEJ031316,Apparel,Google Tri-blend Hoodie Grey
1860,GGOEGAPB058216,Apparel,Google Women's Lightweight Microfleece Jacket
1870,GGOEAAAB034915,Apparel,Android BTTF Moonshot Graphic Tee
1874,GGOEGATB060414,Apparel,Google Women's Quilted Insulated Vest Black
1878,GGOEGAAJ032714,Apparel,Google Men's Skater Tee Grey
1902,GGOEGAPB058212,Apparel,Google Women's Lightweight Microfleece Jacket
1919,GGOEAAAJ031917,Apparel,Android Men's Short Sleeve Hero Tee Heather
1933,GGOEGAEA030414,Apparel,Google Womens 3/4 Sleeve Baseball Raglan Heather/Black
1934,GGOEGCVB072399,Lifestyle,Google Executive Umbrella
1935,GGOEGOAJ021599,Office,Gunmetal Roller Ball Pen
1943,GGOEGAXR065128,Apparel,Google Toddler Short Sleeve Tee Red
1967,GGOEGAXC065629,Apparel,Google Toddler Hoodie Royal Blue
1978,GGOEAAEB031614,Apparel,Android Men's 3/4 Sleeve Raglan Henley Black
1981,GGOEGAPJ058013,Apparel,Google Women's 1/4 Zip Jacket Charcoal
1999,GGOEYAAJ032515,Apparel,YouTube Men's Short Sleeve Hero Tee Charcoal
2009,GGOEGAXJ065529,Apparel,Google Toddler Short Sleeve T-shirt Grey
2010,GGOEGAXQ067155,Apparel,Google Toddler Short Sleeve Tee White
2038,GGOEGAYQ069025,Apparel,Google Youth Short Sleeve Tee White
2083,GGOEAAFB035913,Apparel,Android Men's  Zip Hoodie
2085,GGOEAOCH014199,Office,Android Journal Book Set
2096,GGOEAAYJ068824,Apparel,Android Youth Short Sleeve T-shirt Pewter
2109,GGOEGAAJ073416,Apparel,Google Men's Short Sleeve Hero Tee Heather
2110,GGOEGADB056916,Apparel,Google Men's Performance Full Zip Jacket Black
2113,GGOEAAAB034816,Apparel,Android BTTF Cosmos Graphic Tee
2136,GGOEADHJ015599,Drinkware,Android 24 oz Contigo Bottle
2142,GGOEGAEJ033315,Apparel,Google Men's Long Sleeve Pullover Badge Tee Heather
2156,GGOEGAAB033815,Apparel,Google Men's Vintage Badge Tee Black
2172,GGOEGAYB068025,Apparel,Google Youth Baseball Raglan Heather/Black
2173,GGOEGAYL068125,Apparel,Google Youth Sports Tee Navy
2182,GGOEAAWH061548,Apparel,Android Onesie Sprout Green
2183,GGOEGAWH061348,Apparel,Google Onesie Green
2184,GGOEYAWR062349,Apparel,YouTube Infant Short Sleeve Tee Red
2186,GGOEYAEJ029013,Apparel,YouTube Women's Short Sleeve Hero Tee Charcoal
2214,GGOEGAWR061153,Apparel,Google Onesie Red
2233,GGOEGAEA030415,Apparel,Google Womens 3/4 Sleeve Baseball Raglan Heather/Black
2238,GGOEYAQB073214,Apparel,YouTube Women's Fleece Hoodie Black
2246,GGOEGADJ056817,Apparel,Google Men's Watershed Full Zip Hoodie Grey
2247,GGOEGAEJ031317,Apparel,Google Tri-blend Hoodie Grey
2272,GGOEYAAB034613,Apparel,YouTube Men's Vintage Tee
2273,GGOEYAAB034614,Apparel,YouTube Men's Vintage Tee
2275,GGOEYAAB034616,Apparel,YouTube Men's Vintage Tee
2276,GGOEYAAB034617,Apparel,YouTube Men's Vintage Tee
2277,GGOEYAEJ029513,Apparel,YouTube Women's Short Sleeve Tri-blend Badge Tee Charcoal
2278,GGOEYAEJ029514,Apparel,YouTube Women's Short Sleeve Tri-blend Badge Tee Charcoal
2279,GGOEYAEJ029515,Apparel,YouTube Women's Short Sleeve Tri-blend Badge Tee Charcoal
2297,GGOEGALP036315,Apparel,Google Women's Long Sleeve Tee Lavender
2320,GGOEAAXN066328,Apparel,Android Toddler Short Sleeve T-shirt Pink
2326,GGOEYAAQ031714,Apparel,YouTube Men's Short Sleeve Hero Tee White
2340,GGOEGAYH068424,Apparel,Google Youth Short Sleeve T-shirt Green
2358,GGOEAAEJ030913,Apparel,Android Women's Long Sleeve Blended Cardigan Grey
2426,GGOEAAFB035914,Apparel,Android Men's  Zip Hoodie
2470,GGOEGAAJ032717,Apparel,Google Men's Long & Lean Tee Grey
2471,GGOEGAAJ073417,Apparel,Google Men's Short Sleeve Hero Tee Heather
2472,GGOEGADB059617,Apparel,Google Men's Quilted Insulated Vest Black
2486,GGOEGAEJ028016,Apparel,Google Women's Short Sleeve Hero Tee Grey
2490,GGOEGAAB058918,Apparel,Google Men's Short Sleeve Performance Badge Tee Black
2491,GGOEGAAL059018,Apparel,Google Men's Short Sleeve Performance Badge Tee Navy
2496,GGOEGADB056615,Apparel,Men's Weatherblock Shell Jacket Black
2497,GGOEGADB056616,Apparel,Men's Weatherblock Shell Jacket Black
2500,GGOEGAEJ035314,Apparel,Google Vintage Henley Grey/Black
2502,GGOEGALQ036614,Apparel,Google Women's Scoop Neck Tee White
2503,GGOEGALQ036615,Apparel,Google Women's Scoop Neck Tee White
2504,GGOEGALQ036616,Apparel,Google Women's Scoop Neck Tee White
2505,GGOEGALQ036617,Apparel,Google Women's Scoop Neck Tee White
2507,GGOEGAPB057815,Apparel,Women's Performance Full Zip Jacket Black
2522,GGOEGAPB058213,Apparel,Google Women's Lightweight Microfleece Jacket
2562,GGOEYAYR068656,Apparel,YouTube Youth Short Sleeve Tee Red
2568,GGOEGAPB058217,Apparel,Google Women's Lightweight Microfleece Jacket
2592,GGOEGAWR061850,Apparel,Google Infant Short Sleeve Tee Red
2597,GGOEYAFB073117,Apparel,YouTube Men's Fleece Hoodie Black
2603,GGOEAAEJ030916,Apparel,Android Women's Long Sleeve Blended Cardigan Grey
2611,GGOEGBRB013899,Bags,Google Laptop Backpack
2645,GGOEGALB036514,Apparel,Google Women's Scoop Neck Tee Black
2652,GGOEYAAJ032516,Apparel,YouTube Men's Short Sleeve Hero Tee Charcoal
2681,GGOEGAQB036016,Apparel,Google Women's Fleece Hoodie
2690,GGOEGADJ059415,Apparel,Google Men's Microfiber 1/4 Zip Pullover Grey/Black
2692,GGOEGAPB058613,Apparel,Google Women's Yoga Jacket Black
2693,GGOEGAPB058614,Apparel,Google Women's Yoga Jacket Black
2699,GGOEGAXJ065729,Apparel,Google Toddler 1/4 Zip Fleece Pewter
2700,GGOEGAXL065929,Apparel,Google Toddler Raglan Shirt Blue Heather/Navy
2702,GGOEGAYB068024,Apparel,Google Youth Baseball Raglan Heather/Black
2721,GGOEGAXC065229,Apparel,Google Toddler Short Sleeve T-shirt Royal Blue
2728,GGOEAAXJ066228,Apparel,Android Toddler Short Sleeve T-shirt Pewter
2819,GGOEGAER035514,Apparel,Google Men's Vintage Tank
2824,GGOEGAHB057414,Apparel,Google Men's Performance Polo Grey/Black
2825,GGOEGATJ060516,Apparel,Google Women's Quilted Insulated Vest White
2832,GGOEAAAB081015,Apparel,Android Men's Outerstellar Short Sleeve Tee Black
2833,GGOEAAAL081115,Apparel,Android Men's Pep Rally Short Sleeve Tee Navy
2839,GGOEYAAB031814,Apparel,YouTube Men's Short Sleeve Hero Tee Black
2893,GGOEGOCD078399,Notebooks & Journals,Google Leather Perforated Journal
2895,GGOEYAEA030513,Apparel,YouTube Womens 3/4 Sleeve Baseball Raglan White/Black
2925,GGOEAAWJ062549,Apparel,Android Infant Short Sleeve Tee Pewter
2926,GGOEGAWR061849,Apparel,Google Infant Short Sleeve Tee Red
2927,GGOEYAWJ061448,Apparel,YouTube Onesie Heather
2948,GGOEGAQB036017,Apparel,Google Women's Fleece Hoodie
2949,GGOEGALQ034213,Apparel,Google Women's Vintage Hero Tee White
2957,GGOEGADJ059716,Apparel,Google Men's Quilted Insulated Vest Battleship Grey
2977,GGOEGADC059314,Apparel,Google Men's Airflow 1/4 Zip Pullover Lapis
3020,GGOEGALJ036414,Apparel,Google Women's Tee Grey
3054,GGOEAAFB035915,Apparel,Android Men's  Zip Hoodie
3074,GGOEAAFB035917,Apparel,Android Men's  Zip Hoodie
3077,GGOEGAWR061148,Apparel,Google Onesie Red
3078,GGOEGAWR061149,Apparel,Google Onesie Red
3091,GGOEGAAR010713,Apparel,Google Men's 100% Cotton Short Sleeve Hero Tee Red
3120,GGOEGAAL059017,Apparel,Google Men's Short Sleeve Performance Badge Tee Navy
3133,GGOEAAAB034917,Apparel,Android BTTF Moonshot Graphic Tee
3134,GGOEAAAC080916,Apparel,Android Lifted Men's Short Sleeve Tee Blue
3135,GGOEAAAL081116,Apparel,Android Men's Pep Rally Short Sleeve Tee Navy
3170,GGOEAAAB034815,Apparel,Android BTTF Cosmos Graphic Tee
3173,GGOEAAAP081215,Apparel,Android Men's Take Charge Short Sleeve Tee Purple
3226,GGOEWAAJ083515,Waze,Waze Men's Typography Short Sleeve Tee
3264,GGOEGAEB031516,Apparel,Google 3/4 Sleeve Raglan Badge Henley Black
3293,GGOEGAEB031513,Apparel,Google 3/4 Sleeve Raglan Badge Henley Black
3315,GGOEAAEB031213,Apparel,Android Heavyweight Long Sleeve Badge Tee Black
3327,GGOEAAEJ035713,Apparel,Android Men's Vintage Tank
3332,GGOEGAWC061249,Apparel,Google Onesie Royal Blue
3333,GGOEGAWH061349,Apparel,Google Onesie Green
3337,GGOEGAPB058215,Apparel,Google Women's Lightweight Microfleece Jacket
3342,GGOEGAWC062850,Apparel,Google Infant Zip Hood Royal Blue
3367,GGOEGAAB010513,Apparel,Google Men's 100% Cotton Short Sleeve Hero Tee Black
3380,GGOEGAEQ027916,Apparel,Google Women's Short Sleeve Hero Tee White
3391,GGOEGAWN062748,Apparel,Google Infant Zip Hood Pink
3402,GGOEGAXQ067130,Apparel,Google Toddler Short Sleeve Tee White
3404,GGOEGAXR065155,Apparel,Google Toddler Short Sleeve Tee Red
3439,GGOEGAXC065628,Apparel,Google Toddler Hoodie Royal Blue
3448,GGOEAOCB077499,Notebooks & Journals,Android RFID Journal
3452,GGOEGADB056915,Apparel,Google Men's Performance Full Zip Jacket Black
3464,GGOEYAEJ033515,Apparel,YouTube Men's Long Sleeve Pullover Badge Tee Heather
3472,GGOEWALJ083416,Waze,Waze Women's Typography Short Sleeve Tee
3476,GGOEGAEB027813,Apparel,Google Women's Short Sleeve Hero Tee Black
3494,GGOEYAEJ029014,Apparel,YouTube Women's Short Sleeve Hero Tee Charcoal
3495,GGOEYAEJ029015,Apparel,YouTube Women's Short Sleeve Hero Tee Charcoal
3509,GGOEGAEJ035315,Apparel,Google Vintage Henley Grey/Black
3513,GGOEGADB059216,Apparel,Google Men's Airflow 1/4 Zip Pullover Black
3514,GGOEGADC059315,Apparel,Google Men's Airflow 1/4 Zip Pullover Lapis
3523,GGOEGALJ036415,Apparel,Google Women's Tee Grey
3524,GGOEGALP036314,Apparel,Google Women's Long Sleeve Tee Lavender
3558,GGOEGAAJ080713,Apparel,Google Men's Around The Block Short Sleeve Tee Ash
3574,GGOEYAYR068626,Apparel,YouTube Youth Short Sleeve Tee Red
3587,GGOEGBPB081999,Accessories,UpCycled Bike Saddle Bag
3623,GGOEGAEB031515,Apparel,Google 3/4 Sleeve Raglan Badge Henley Black
3633,GGOEAAAC080917,Apparel,Android Lifted Men's Short Sleeve Tee Blue
3634,GGOEAAAJ080817,Apparel,Android Men's Engineer Short Sleeve Tee Charcoal
3635,GGOEAAAP081217,Apparel,Android Men's Take Charge Short Sleeve Tee Purple
3637,GGOEGAAL010617,Apparel,Google Men's 100% Cotton Short Sleeve Hero Tee Navy
3660,GGOEGAWN062749,Apparel,Google Infant Zip Hood Pink
3760,GGOEGALH036714,Apparel,Google Women's Scoop Neck Tee Green
3761,GGOEGALH036715,Apparel,Google Women's Scoop Neck Tee Green
3783,GGOEGAUC057714,Apparel,Google Women's Performance Golf Polo Blue
3798,GGOEGADJ056816,Apparel,Google Men's Watershed Full Zip Hoodie Grey
3884,GGOEGAWC062848,Apparel,Google Infant Zip Hood Royal Blue
3885,GGOEGAWQ062248,Apparel,Google Infant Short Sleeve Tee White
3891,GGOEGALB036513,Apparel,Google Women's Scoop Neck Tee Black
3893,GGOEGALB036515,Apparel,Google Women's Scoop Neck Tee Black
3908,GGOEGAWR061049,Apparel,Google Onesie Red/Graphite
3917,GGOEGAEB031514,Apparel,Google 3/4 Sleeve Raglan Badge Henley Black
3920,GGOEGAEJ030714,Apparel,Google Men's 3/4 Sleeve Raglan Henley Grey
3921,GGOEGAEJ030715,Apparel,Google Men's 3/4 Sleeve Raglan Henley Grey
3922,GGOEGAEJ030716,Apparel,Google Men's 3/4 Sleeve Raglan Henley Grey
3923,GGOEGALJ036413,Apparel,Google Women's Tee Grey
3926,GGOEGALJ036416,Apparel,Google Women's Tee Grey
3928,GGOEGBMC073699,More Bags,Google Collapsible Duffel Blue
3932,GGOEGAWC061248,Apparel,Google Onesie Royal Blue
3939,GGOEGAHB057417,Apparel,Google Men's Performance Polo Grey/Black
3943,GGOEWAAJ082817,Waze,Waze Men's Short Sleeve Tee
3958,GGOEAAAB081017,Apparel,Android Men's Outerstellar Short Sleeve Tee Black
3987,GGOEAAXC066429,Apparel,Android Toddler Short Sleeve T-shirt Aqua
3990,GGOEGAWH061354,Apparel,Google Onesie Green
4058,GGOEGAWC062149,Apparel,Google Infant Short Sleeve Tee Cornflower Blue
4067,GGOEAAXC066428,Apparel,Android Toddler Short Sleeve T-shirt Aqua
4088,GGOEGAYC068326,Apparel,Google Youth Short Sleeve T-shirt Royal Blue
4095,GGOEGAER033215,Apparel,Google Men's Long Sleeve Raglan Cranberry
4109,GGOEGAQJ058716,Apparel,Google Women's Zip Hoodie Grey
4112,GGOEGATB060417,Apparel,Google Women's Quilted Insulated Vest Black
4157,GGOEGADB059616,Apparel,Google Men's Quilted Insulated Vest Black
4187,GGOEGOCB078299,Notebooks & Journals,Google Leather Journal-Black
4216,GGOEGBRB079599,Backpacks,25L Classic Rucksack
4312,GGOEGAER035516,Apparel,Google Men's Vintage Tank
4331,GGOEYAAQ031715,Apparel,YouTube Men's Short Sleeve Hero Tee White
4351,GGOEYAQB073217,Apparel,YouTube Women's Fleece Hoodie Black
4361,GGOEAAXN066355,Apparel,Android Toddler Short Sleeve T-shirt Pink
4362,GGOEAAYC068756,Apparel,Android Youth Short Sleeve T-shirt Aqua
4370,GGOEWALJ082713,Waze,Waze Women's Short Sleeve Tee
4385,GGOEAAEJ035714,Apparel,Android Men's Vintage Tank
4395,GGOEGAAQ033913,Apparel,Google Men's Vintage Badge Tee White
4486,GGOEGALL074616,Apparel,Google Women's Short Sleeve Badge Tee Navy
4497,GGOEGPXR023199,Lifestyle,Google Collapsible Pet Bowl
4522,GGOEYAEB031414,Apparel,YouTube Men's 3/4 Sleeve Henley
4544,GGOEGAHB057415,Apparel,Google Men's Performance Polo Grey/Black
4546,GGOEGAWN062750,Apparel,Google Infant Zip Hood Pink
4551,GGOEAAAC080914,Apparel,Android Lifted Men's Short Sleeve Tee Blue
4552,GGOEAAEH035214,Apparel,Android Men's Vintage Henley
4555,GGOEGALB034114,Apparel,Google Women's Vintage Hero Tee Black
4582,GGOEAAWC061653,Apparel,Android Onesie Baby Blue
4583,GGOEGAWC061253,Apparel,Google Onesie Royal Blue
4594,GGOEYAFB073113,Apparel,YouTube Men's Fleece Hoodie Black
4596,GGOEGADC059316,Apparel,Google Men's Airflow 1/4 Zip Pullover Lapis
4668,GGOEGAEJ033314,Apparel,Google Men's Long Sleeve Pullover Badge Tee Heather
4673,GGOEGDHJ082599,Google,Google 17 oz Double Wall Stainless Steel Insulated Bottle
4722,GGOEGAEJ033313,Apparel,Google Men's Long Sleeve Pullover Badge Tee Heather
4725,GGOEGALJ073314,Apparel,Google Women's Short Sleeve Hero Tee Heather
4728,GGOEGAYR068256,Apparel,Google Youth Short Sleeve Tee Red
4736,GGOEGAXT065428,Apparel,Google Toddler Short Sleeve T-shirt Yellow
4769,GGOEGADB056614,Apparel,Men's Weatherblock Shell Jacket Black
4770,GGOEGAXJ065730,Apparel,Google Toddler 1/4 Zip Fleece Pewter
4775,GGOEGADB056918,Apparel,Google Men's Performance Full Zip Jacket Black
4837,GGOEYAAJ032513,Apparel,YouTube Men's Short Sleeve Hero Tee Charcoal
4881,GGOEGAYQ068926,Apparel,Google Youth Girl Hoodie
4932,GGOEGADB056914,Apparel,Google Men's Performance Full Zip Jacket Black
4945,GGOEYAAQ031713,Apparel,YouTube Men's Short Sleeve Hero Tee White
5003,GGOEAAWT061753,Apparel,Android Onesie Gold
5006,GGOEAAWC061648,Apparel,Android Onesie Baby Blue
5008,GGOEGAWR061048,Apparel,Google Onesie Red/Graphite
5048,GGOEGADJ059713,Apparel,Google Men's Quilted Insulated Vest Battleship Grey
5069,GGOEGALP034314,Apparel,Google Women's Vintage Hero Tee Lavender
5081,GGOEAHPA004110,Headgear,Android Wool Heather Cap Heather/Black
5115,GGOEGARJ058414,Apparel,Google Women's Yoga Pants
5118,GGOEGADJ056814,Apparel,Google Men's Watershed Full Zip Hoodie Grey
5120,GGOEGAPB057614,Apparel,Google Women's Softshell Jacket Black/Grey
5168,GGOEGALP034316,Apparel,Google Women's Vintage Hero Tee Lavender
5209,GGOEYAQB073216,Apparel,YouTube Women's Fleece Hoodie Black
5233,GGOEYAEB030013,Apparel,YouTube Women's Racer Back Tank Black
5260,GGOEGHPB003410,Headgear,Google Snapback Hat Black
5269,GGOEAAAB034814,Apparel,Android BTTF Cosmos Graphic Tee
5310,GGOEGAYT068524,Apparel,Google Youth Short Sleeve T-shirt Yellow
5323,GGOEAAEJ029317,Apparel,Android Women's Short Sleeve Badge Tee Light Charcoal
5327,GGOEAAEJ030915,Apparel,Android Women's Long Sleeve Blended Cardigan Grey
5334,GGOEGAWC062150,Apparel,Google Infant Short Sleeve Tee Cornflower Blue
5342,GGOEGAYL068124,Apparel,Google Youth Sports Tee Navy
5354,GGOEGAEJ033316,Apparel,Google Men's Long Sleeve Pullover Badge Tee Heather
5355,GGOEAAEJ030914,Apparel,Android Women's Long Sleeve Blended Cardigan Grey
5364,GGOEGAAJ073413,Apparel,Google Men's Short Sleeve Hero Tee Heather
5409,GGOEYAEB035616,Apparel,YouTube Men's Vintage Tank
5410,GGOEYAWJ061450,Apparel,YouTube Onesie Heather
5415,GGOEGOCR078499,Notebooks & Journals,Google Spiral Leather Journal
5457,GGOEGHPB080410,Headgear,Google 5-Panel Snapback Cap
5471,GGOEGAER029217,Apparel,Google Women's Short Sleeve Badge Tee Red Heather
5481,GGOEAAAJ032915,Apparel,Android Men's Skater Badge Tee Charcoal
5534,GGOEGAAQ033914,Apparel,Google Men's Vintage Badge Tee White
5535,GGOEGAEB084514,Apparel,BLM Sweatshirt
5575,GGOEYAEA030516,Apparel,YouTube Womens 3/4 Sleeve Baseball Raglan White/Black
5578,GGOEGAEB084513,Apparel,BLM Sweatshirt
5585,GGOEGAEB084515,Apparel,BLM Sweatshirt
5587,GGOEGAEB084516,Apparel,BLM Sweatshirt
5593,GGOEAAWJ062550,Apparel,Android Infant Short Sleeve Tee Pewter
5603,GGOEGAEB084517,Apparel,BLM Sweatshirt
5610,GGOEGAEJ033317,Apparel,Google Men's Long Sleeve Pullover Badge Tee Heather
5613,GGOEGAER033216,Apparel,Google Men's Long Sleeve Raglan Cranberry
5672,GGOEGAEJ028014,Apparel,Google Women's Short Sleeve Hero Tee Grey
5678,GGOEGAAJ073016,Apparel,Google Men's Performance Hero Tee Gunmetal
5682,GGOEGAXJ065555,Apparel,Google Toddler Short Sleeve T-shirt Grey
5683,GGOEGAXR065130,Apparel,Google Toddler Short Sleeve Tee Red
5685,GGOEGAYH067956,Apparel,Google Youth Girl Tee Green
5816,GGOEGADB059213,Apparel,Google Men's Airflow 1/4 Zip Pullover Black
5858,GGOEGAPB057512,Apparel,Women's Weatherblock Shell Jacket Black
5944,GGOEAAWH061553,Apparel,Android Onesie Sprout Green
5976,GGOEGAFJ036217,Apparel,Google Men's Pullover Hoodie Grey
5981,GGOEGAPB058617,Apparel,Google Women's Yoga Jacket Black
5982,GGOEGARJ058416,Apparel,Google Women's Yoga Pants
6018,GGOEAAYJ068856,Apparel,Android Youth Short Sleeve T-shirt Pewter
6020,GGOEGAQJ058715,Apparel,Google Women's Zip Hoodie Grey
6050,GGOEGAYQ068924,Apparel,Google Youth Girl Hoodie
6072,GGOEYAXR066130,Apparel,You Tube Toddler Short Sleeve Tee Red
6073,GGOEYAXR066155,Apparel,You Tube Toddler Short Sleeve Tee Red
6098,GGOEGAEJ035316,Apparel,Google Vintage Henley Grey/Black
6120,GGOEGALB059917,Apparel,Google Women's Short Sleeve Performance Tee Black
6121,GGOEGALJ073317,Apparel,Google Women's Short Sleeve Hero Tee Heather
6152,GGOEAAAB034916,Apparel,Android BTTF Moonshot Graphic Tee
6199,GGOEGAWH061350,Apparel,Google Onesie Green
6237,GGOEAAEB031214,Apparel,Android Heavyweight Long Sleeve Badge Tee Black
6273,GGOEAAWH061550,Apparel,Android Onesie Sprout Green
6274,GGOEAAXJ066230,Apparel,Android Toddler Short Sleeve T-shirt Pewter
6304,GGOEAAAC080913,Apparel,Android Lifted Men's Short Sleeve Tee Blue
6323,GGOEYAYR068624,Apparel,YouTube Youth Short Sleeve Tee Red
6352,GGOEGAAQ033917,Apparel,Google Men's Vintage Badge Tee White
6358,GGOEYAEJ029613,Apparel,YouTube Women's Short Sleeve Tri-blend Badge Tee Grey
6366,GGOEGAXT065430,Apparel,Google Toddler Short Sleeve T-shirt Yellow
6391,GGOEYAWJ061453,Apparel,YouTube Onesie Heather
6399,GGOEYAEA035113,Apparel,YouTube Men's Vintage Henley
6426,GGOEGALB036517,Apparel,Google Women's Scoop Neck Tee Black
6471,GGOEAAAJ034515,Apparel,Android Men's Vintage Tee
6473,GGOEAAAQ032016,Apparel,Android Men's Short Sleeve Hero Tee White
6649,GGOEGAWQ062249,Apparel,Google Infant Short Sleeve Tee White
6718,GGOEGAXQ067129,Apparel,Google Toddler Short Sleeve Tee White
6737,GGOEAAAQ032013,Apparel,Android Men's Short Sleeve Hero Tee White
6740,GGOEAHPB080210,Apparel,Android 5-Panel Low Cap
6741,GGOEGACB023699,Lifestyle,Yoga Block
6749,GGOEGDHJ023099,Drinkware,Insulated Bottle
6814,GGOEGAAC035017,Apparel,Google Men's Bayside Graphic Tee
6815,GGOEGAAJ080617,Apparel,Google Men's Bike Short Sleeve Tee Charcoal
6848,GGOEGAYH067924,Apparel,Google Youth Girl Tee Green
6906,GGOEGAPJ058016,Apparel,Google Women's 1/4 Zip Jacket Charcoal
6939,GGOEGATB060416,Apparel,Google Women's Quilted Insulated Vest Black
6951,GGOEGADB056913,Apparel,Google Men's Performance Full Zip Jacket Black
6952,GGOEGADB057313,Apparel,Google Men's Lightweight Microfleece Jacket Black
6961,GGOEGAEJ028114,Apparel,Google Women's Short Sleeve Badge Tee Grey
6962,GGOEGATB060614,Apparel,Google Women's Convertible Vest-Jacket Black
7083,GGOEGAER029214,Apparel,Google Women's Short Sleeve Badge Tee Red Heather
7102,GGOEAAAB081014,Apparel,Android Men's Outerstellar Short Sleeve Tee Black
7144,GGOEGATH060714,Apparel,Google Women's Convertible Vest-Jacket Sea Foam Green
7163,GGOEGADJ059814,Apparel,Google Men's Convertible Vest-Jacket Pewter
7198,GGOEAAAB081013,Apparel,Android Men's Outerstellar Short Sleeve Tee Black
7204,GGOEGAAC035015,Apparel,Google Men's Bayside Graphic Tee
7205,GGOEGAAH034015,Apparel,Google Men's Vintage Badge Tee Sage
7210,GGOEAAWT061748,Apparel,Android Onesie Gold
7230,GGOEGALQ034216,Apparel,Google Women's Vintage Hero Tee White
7241,GGOEGAER029717,Apparel,Google Women's Short Sleeve Hero Tee Red Heather
7260,GGOEGAER035513,Apparel,Google Men's Vintage Tank
7280,GGOEGADJ057114,Apparel,Google Men's Performance 1/4 Zip Pullover Heather/Black
7455,GGOEGALB034115,Apparel,Google Women's Vintage Hero Tee Black
7485,GGOEAAAH083316,Android,Android Men's Paradise Short Sleeve Tee Olive
7512,GGOEYAXR066128,Apparel,You Tube Toddler Short Sleeve Tee Red
7521,GGOEAAAJ031915,Apparel,Android Men's Short Sleeve Hero Tee Heather
7554,GGOEAAEB030216,Apparel,Android Women's Racer Back Tank Black
7565,GGOEAAYC068724,Apparel,Android Youth Short Sleeve T-shirt Aqua
7567,GGOEGALB059916,Apparel,Google Women's Short Sleeve Performance Tee Black
7569,GGOEGALL060013,Apparel,Google Women's Short Sleeve Performance Tee Navy
7570,GGOEGALL060014,Apparel,Google Women's Short Sleeve Performance Tee Navy
7583,GGOEGAAQ057217,Apparel,Google Men's Colorblock Tee White/Heather
7587,GGOEWAAJ082814,Waze,Waze Men's Short Sleeve Tee
7642,GGOEADHH015499,Drinkware,Android 24 oz Contigo Bottle
7655,GGOEGAAJ073013,Apparel,Google Men's Performance Hero Tee Gunmetal
7656,GGOEAAAB034813,Apparel,Android BTTF Cosmos Graphic Tee
7658,GGOEGAAJ032814,Apparel,Google Men's Long & Lean Tee Charcoal
7659,GGOEYAAJ033013,Apparel,YouTube Men's Long & Lean Tee Charcoal
7664,GGOEAAAP081214,Apparel,Android Men's Take Charge Short Sleeve Tee Purple
7668,GGOEGBMC056599,Office,Waterproof Gear Bag
7674,GGOEWAAJ083513,Waze,Waze Men's Typography Short Sleeve Tee
7677,GGOEGAAJ057017,Apparel,Google Men's Short Sleeve Performance Badge Tee Charcoal
7685,GGOEGAPB057817,Apparel,Women's Performance Full Zip Jacket Black
7689,GGOEYAEB035614,Apparel,YouTube Men's Vintage Tank
7714,GGOEAAEJ029313,Apparel,Android Women's Short Sleeve Badge Tee Light Charcoal
7744,GGOEAAAB034817,Apparel,Android BTTF Cosmos Graphic Tee
7767,GGOEAOCH077899,Notebooks & Journals,Android Spiral Journal with Pen
7782,GGOEAAEH035213,Apparel,Android Men's Vintage Henley
7820,GGOEGAAJ032317,Apparel,Google Men's Short Sleeve Hero Tee Charcoal
7837,GGOEGAAB033813,Apparel,Google Men's Vintage Badge Tee Black
7853,GGOEAAEB031615,Apparel,Android Men's 3/4 Sleeve Raglan Henley Black
7858,GGOEYAEB035615,Apparel,YouTube Men's Vintage Tank
7882,GGOEGAAQ057216,Apparel,Google Men's Colorblock Tee White/Heather
7884,GGOEAAAJ031913,Apparel,Android Men's Short Sleeve Hero Tee Heather
7885,GGOEAAAJ031914,Apparel,Android Men's Short Sleeve Hero Tee Heather
7887,GGOEAAAJ031916,Apparel,Android Men's Short Sleeve Hero Tee Heather
7896,GGOEGAAH034013,Apparel,Google Men's Vintage Badge Tee Sage
7897,GGOEGAAH034014,Apparel,Google Men's Vintage Badge Tee Sage
7898,GGOEGAAH034017,Apparel,Google Men's Vintage Badge Tee Sage
7899,GGOEAAAJ032413,Apparel,Android Men's Short Sleeve Tri-blend Hero Tee Grey
7914,GGOEGAAJ032713,Apparel,Google Men's Long & Lean Tee Grey
7929,GGOEAAAJ032913,Apparel,Android Men's Long & Lean Badge Tee Charcoal
7930,GGOEAAAJ032914,Apparel,Android Men's Long & Lean Badge Tee Charcoal
7932,GGOEAAAJ032916,Apparel,Android Men's Long & Lean Badge Tee Charcoal
7933,GGOEAAAB034913,Apparel,Android BTTF Moonshot Graphic Tee
7940,GGOEAAAJ034513,Apparel,Android Men's Vintage Tee
7941,GGOEAAAJ034514,Apparel,Android Men's Vintage Tee
7944,GGOEAAEB031613,Apparel,Android Men's 3/4 Sleeve Raglan Henley Black
7946,GGOEAAEB031616,Apparel,Android Men's 3/4 Sleeve Raglan Henley Black
7947,GGOEGAAJ059113,Apparel,Google Men's Short Sleeve Performance Badge Tee Pewter
7950,GGOEGAEJ030713,Apparel,Google Men's 3/4 Sleeve Raglan Henley Grey
7958,GGOEGAAJ073014,Apparel,Google Men's Performance Hero Tee Gunmetal
7964,GGOEGAAJ059115,Apparel,Google Men's Short Sleeve Performance Badge Tee Pewter
7979,GGOEAAWC062449,Apparel,Android Infant Short Sleeve Tee Aqua
7980,GGOEAAWJ062548,Apparel,Android Infant Short Sleeve Tee Pewter
7984,GGOEYAWR062348,Apparel,YouTube Infant Short Sleeve Tee Red
7988,GGOEGBPB082099,Accessories,UpCycled Handlebar Bag
7998,GGOEGAEJ035317,Apparel,Google Vintage Henley Grey/Black
8020,GGOEGADB059214,Apparel,Google Men's Airflow 1/4 Zip Pullover Black
8049,GGOEAHPB076114,Apparel,Android Stretch Fit Hat
8054,GGOEAAEJ035715,Apparel,Android Men's Vintage Tank
8055,GGOEAHPJ004415,Headgear,Android Stretch Fit Hat L/XL
8057,GGOEYAEB031415,Apparel,YouTube Men's 3/4 Sleeve Henley
8066,GGOEAAWT061750,Apparel,Android Onesie Gold
8136,GGOEGAAJ032313,Apparel,Google Men's Short Sleeve Hero Tee Charcoal
8149,GGOEGAXR066030,Apparel,Google Toddler Sports T-shirt Red
8172,GGOEAAFB035916,Apparel,Android Men's  Zip Hoodie
8181,GGOEGAER035517,Apparel,Google Men's Vintage Tank
8205,GGOEGAAJ032813,Apparel,Google Men's Long & Lean Tee Charcoal
8264,GGOEAAWT061749,Apparel,Android Onesie Gold
8265,GGOEGALJ060115,Apparel,Google Women's Short Sleeve Performance Tee Pewter
8279,GGOEGADB056613,Apparel,Men's Weatherblock Shell Jacket Black
8426,GGOEGALL060015,Apparel,Google Women's Short Sleeve Performance Tee Navy
8447,GGOEGALB034117,Apparel,Google Women's Vintage Hero Tee Black
8449,GGOEYAEA035117,Apparel,YouTube Men's Vintage Henley
8509,GGOEGAAB033817,Apparel,Google Men's Vintage Badge Tee Black
8541,GGOEGAXJ065528,Apparel,Google Toddler Short Sleeve T-shirt Grey
8542,GGOEGAXR066028,Apparel,Google Toddler Sports T-shirt Red
8544,GGOEGAPB057513,Apparel,Women's Weatherblock Shell Jacket Black
8627,GGOEAHPB076113,Apparel,Android Stretch Fit Hat
8629,GGOEGADB056618,Apparel,Men's Weatherblock Shell Jacket Black
8693,GGOEGGCX056399,Gift Cards,Gift Card - $250.00
8700,GGOEGAYH068426,Apparel,Google Youth Short Sleeve T-shirt Green
8701,GGOEGAYR068226,Apparel,Google Youth Short Sleeve Tee Red
8709,GGOEGAWQ062250,Apparel,Google Infant Short Sleeve Tee White
8720,GGOEGAEJ028115,Apparel,Google Women's Short Sleeve Badge Tee Grey
8721,GGOEGATB060616,Apparel,Google Women's Convertible Vest-Jacket Black
8736,GGOEGAAC035016,Apparel,Google Men's Bayside Graphic Tee
8749,GGOEGAPB057812,Apparel,Women's Performance Full Zip Jacket Black
8859,GGOEGALP036316,Apparel,Google Women's Long Sleeve Tee Lavender
8953,GGOEGATJ060513,Apparel,Google Women's Quilted Insulated Vest White
8961,GGOEGADB056917,Apparel,Google Men's Performance Full Zip Jacket Black
8963,GGOEGADJ059717,Apparel,Google Men's Quilted Insulated Vest Battleship Grey
9026,GGOEGATJ060515,Apparel,Google Women's Quilted Insulated Vest White
9030,GGOEGATB060213,Apparel,Google Women's 1/4 Zip Performance Pullover Black
9109,GGOEGADB056713,Apparel,Men's Softshell Jacket Black/Grey
9125,GGOEAAYC068726,Apparel,Android Youth Short Sleeve T-shirt Aqua
9138,GGOEGAEC029117,Apparel,Google Women's Short Sleeve Hero Tee Sky Blue
9278,GGOEGAYL068126,Apparel,Google Youth Sports Tee Navy
9356,GGOEGAER029216,Apparel,Google Women's Short Sleeve Badge Tee Red Heather
9425,GGOEAAAB081016,Apparel,Android Men's Outerstellar Short Sleeve Tee Black
9426,GGOEAAEJ029314,Apparel,Android Women's Short Sleeve Badge Tee Light Charcoal
9515,GGOEGAAC032115,Apparel,Google Men's Short Sleeve Hero Tee Light Blue
9534,GGOEAAQB036113,Apparel,Android Women's Fleece Hoodie
9564,GGOEGADB059217,Apparel,Google Men's Airflow 1/4 Zip Pullover Black
9591,GGOEGAAC032113,Apparel,Google Men's Short Sleeve Hero Tee Light Blue
9610,GGOEGADC059517,Apparel,Google Men's Microfiber 1/4 Zip Pullover Blue/Indigo
9671,GGOEGADJ056818,Apparel,Google Men's Watershed Full Zip Hoodie Grey
9681,GGOEGAYQ069024,Apparel,Google Youth Short Sleeve Tee White
9682,GGOEGAAC032116,Apparel,Google Men's Short Sleeve Hero Tee Light Blue
9700,GGOEGAAQ057214,Apparel,Google Men's Colorblock Tee White/Heather
9708,GGOEGAUC057713,Apparel,Google Women's Performance Golf Polo Blue
9787,GGOEGAAC032114,Apparel,Google Men's Short Sleeve Hero Tee Light Blue
9828,GGOEGAYQ069056,Apparel,Google Youth Short Sleeve Tee White
9837,GGOEYAAJ033015,Apparel,YouTube Men's Skater Tee Charcoal
9923,GGOEGAAJ059117,Apparel,Google Men's Short Sleeve Performance Badge Tee Pewter
9927,GGOEGAAJ073017,Apparel,Google Men's Performance Hero Tee Gunmetal
10014,GGOEGALP036313,Apparel,Google Women's Long Sleeve Tee Lavender
10088,GGOEYAAJ033014,Apparel,YouTube Men's Long & Lean Tee Charcoal
10142,GGOEGAPB057516,Apparel,Women's Weatherblock Shell Jacket Black
10161,GGOEGAEC033117,Apparel,Google Men's Long Sleeve Raglan Ocean Blue
10187,GGOEGADB057318,Apparel,Google Men's Lightweight Microfleece Jacket Black
10189,GGOEGAHB057418,Apparel,Google Men's Performance Polo Grey/Black
10220,GGOEGALJ060113,Apparel,Google Women's Short Sleeve Performance Tee Pewter
10280,GGOEAAAQ032014,Apparel,Android Men's Short Sleeve Hero Tee White
10396,GGOEAAEC029416,Apparel,Android Women's Short Sleeve Tri-blend Badge Tee Light Blue
10405,GGOEGAYC068356,Apparel,Google Youth Short Sleeve T-shirt Royal Blue
10559,GGOEAAAL081113,Apparel,Android Men's Pep Rally Short Sleeve Tee Navy
10574,GGOEAAAL081114,Apparel,Android Men's Pep Rally Short Sleeve Tee Navy
10676,GGOEGAEL031113,Apparel,Google Men's Heavyweight Long Sleeve Hero Tee Navy
10677,GGOEGAEL031114,Apparel,Google Men's Heavyweight Long Sleeve Hero Tee Navy
10678,GGOEGAEL031115,Apparel,Google Men's Heavyweight Long Sleeve Hero Tee Navy
10679,GGOEGAEL031116,Apparel,Google Men's Heavyweight Long Sleeve Hero Tee Navy
10680,GGOEGAEL031117,Apparel,Google Men's Heavyweight Long Sleeve Hero Tee Navy
10700,GGOEAAEB030213,Apparel,Android Women's Racer Back Tank Black
10703,GGOEGALQ036613,Apparel,Google Women's Scoop Neck Tee White
10715,GGOEGALH036716,Apparel,Google Women's Scoop Neck Tee Green
10717,GGOEWALJ083417,Waze,Waze Women's Typography Short Sleeve Tee
10719,GGOEAAYC068725,Apparel,Android Youth Short Sleeve T-shirt Aqua
10755,GGOEGALJ072915,Apparel,Google Women's Performance Hero Tee Gunmetal
10778,GGOEYAEB030016,Apparel,YouTube Women's Racer Back Tank Black
10845,GGOEGAXH065328,Apparel,Google Toddler Short Sleeve T-shirt Green
11114,GGOEGAYR068224,Apparel,Google Youth Short Sleeve Tee Red
11153,GGOEWAEA083899,Waze,Waze Dress Socks
11161,GGOEGATC060316,Apparel,Google Women's 1/4 Zip Performance Pullover Two-Tone Blue
11210,GGOEAAEJ035716,Apparel,Android Men's Vintage Tank
11376,GGOEAAXC066455,Apparel,Android Toddler Short Sleeve T-shirt Aqua
11438,GGOEGALL060017,Apparel,Google Women's Short Sleeve Performance Tee Navy
11439,GGOEGATB060217,Apparel,Google Women's 1/4 Zip Performance Pullover Black
11445,GGOEGATB060615,Apparel,Google Women's Convertible Vest-Jacket Black
11548,GGOEYAAQ031716,Apparel,YouTube Men's Short Sleeve Hero Tee White
11656,GGOEGALQ034217,Apparel,Google Women's Vintage Hero Tee White
11699,GGOEGATJ060514,Apparel,Google Women's Quilted Insulated Vest White
11707,GGOEGAAC032117,Apparel,Google Men's Short Sleeve Hero Tee Light Blue
11776,GGOEGALJ057915,Apparel,Google Women's Short Sleeve Performance Tee Charcoal
11781,GGOEGATC060315,Apparel,Google Women's 1/4 Zip Performance Pullover Two-Tone Blue
11791,GGOEGAXT065455,Apparel,Google Toddler Short Sleeve T-shirt Yellow
11880,GGOEYAEA030514,Apparel,YouTube Womens 3/4 Sleeve Baseball Raglan White/Black
11906,GGOEGAYT068525,Apparel,Google Youth Short Sleeve T-shirt Yellow
11916,GGOEAAEH035217,Apparel,Android Men's Vintage Henley
11922,GGOEYAEB035613,Apparel,YouTube Men's Vintage Tank
11974,GGOEGAXC065228,Apparel,Google Toddler Short Sleeve T-shirt Royal Blue
12036,GGOEGADC059513,Apparel,Google Men's Microfiber 1/4 Zip Pullover Blue/Indigo
12094,GGOEGAYL068156,Apparel,Google Youth Sports Tee Navy
12105,GGOEGAAJ032817,Apparel,Google Men's Long & Lean Tee Charcoal
12108,GGOEGAAQ033918,Apparel,Google Men's Vintage Badge Tee White
12111,GGOEGAER033217,Apparel,Google Men's Long Sleeve Raglan Cranberry
12113,GGOEGAXC065630,Apparel,Google Toddler Hoodie Royal Blue
12116,GGOEGAYH068456,Apparel,Google Youth Short Sleeve T-shirt Green
12134,GGOENEBD084799,Nest-USA,Nest Learning Thermostat 3rd Gen-USA - Copper
12142,GGOENEBQ084699,Nest-USA,Nest Learning Thermostat 3rd Gen-USA - White
12221,GGOEGAAJ032815,Apparel,Google Men's Long & Lean Tee Charcoal
12222,GGOEGAAJ032816,Apparel,Google Men's Long & Lean Tee Charcoal
12232,GGOEGATB060214,Apparel,Google Women's 1/4 Zip Performance Pullover Black
12233,GGOEGATB060216,Apparel,Google Women's 1/4 Zip Performance Pullover Black
12247,GGOEAAEJ029315,Apparel,Android Women's Short Sleeve Badge Tee Light Charcoal
12250,GGOEGAAJ057016,Apparel,Google Men's Short Sleeve Performance Badge Tee Charcoal
12251,GGOEGALP034317,Apparel,Google Women's Vintage Hero Tee Lavender
12280,GGOEGAPB057816,Apparel,Women's Performance Full Zip Jacket Black
12282,GGOEGADJ059813,Apparel,Google Men's Convertible Vest-Jacket Pewter
12303,GGOEGALB036516,Apparel,Google Women's Scoop Neck Tee Black
12304,GGOEGALL060016,Apparel,Google Women's Short Sleeve Performance Tee Navy
12351,GGOEGAXH065355,Apparel,Google Toddler Short Sleeve T-shirt Green
12417,GGOEAHPB076115,Apparel,Android Stretch Fit Hat
12420,GGOEGAAL059013,Apparel,Google Men's Short Sleeve Performance Badge Tee Navy
12508,GGOEGAUB058312,Apparel,Google Women's Performance Polo Grey/Black
12509,GGOEGAUB058313,Apparel,Google Women's Performance Polo Grey/Black
12510,GGOEGAUB058314,Apparel,Google Women's Performance Polo Grey/Black
12511,GGOEGAUB058315,Apparel,Google Women's Performance Polo Grey/Black
12512,GGOEGAUB058316,Apparel,Google Women's Performance Polo Grey/Black
12513,GGOEGAUB058317,Apparel,Google Women's Performance Polo Grey/Black
12525,GGOEGAXC065230,Apparel,Google Toddler Short Sleeve T-shirt Royal Blue
12555,GGOEGAXJ065530,Apparel,Google Toddler Short Sleeve T-shirt Grey
12571,GGOEAAWC061649,Apparel,Android Onesie Baby Blue
12572,GGOEAAWC061650,Apparel,Android Onesie Baby Blue
12574,GGOEAAWC061654,Apparel,Android Onesie Baby Blue
12576,GGOEAAWH061549,Apparel,Android Onesie Sprout Green
12579,GGOEAAWH061554,Apparel,Android Onesie Sprout Green
12582,GGOEGAWC061250,Apparel,Google Onesie Royal Blue
12584,GGOEGAWC061254,Apparel,Google Onesie Royal Blue
12674,GGOEGAAQ057215,Apparel,Google Men's Colorblock Tee White/Heather
12836,GGOEGAPB057514,Apparel,Women's Weatherblock Shell Jacket Black
12837,GGOEGAPB057515,Apparel,Women's Weatherblock Shell Jacket Black
12839,GGOEGAPB057517,Apparel,Women's Weatherblock Shell Jacket Black
12884,GGOEGALL074613,Apparel,Google Women's Short Sleeve Badge Tee Navy
12926,GGOEAAWN062649,Apparel,Android Infant Short Sleeve Tee Pink
12951,GGOEAAEJ033413,Apparel,Android Men's Long Sleeve Badge Crew Tee Heather
12952,GGOEAAEJ033415,Apparel,Android Men's Long Sleeve Badge Crew Tee Heather
12999,GGOEGAEJ028113,Apparel,Google Women's Short Sleeve Badge Tee Grey
13004,GGOEAAAP081213,Apparel,Android Men's Take Charge Short Sleeve Tee Purple
13009,GGOEGAEJ028013,Apparel,Google Women's Short Sleeve Hero Tee Grey
13067,GGOEGALP034315,Apparel,Google Women's Vintage Hero Tee Lavender
13072,GGOEGAYH067926,Apparel,Google Youth Girl Tee Green
13240,GGOEAAEH035216,Apparel,Android Men's Vintage Henley
13260,GGOEYAAJ033017,Apparel,YouTube Men's Long & Lean Tee Charcoal
13384,GGOEAAWQ063053,Apparel,Android Baby Esssentials Set
13404,GGOEGALL074614,Apparel,Google Women's Short Sleeve Badge Tee Navy
13505,GGOEYAEJ029614,Apparel,YouTube Women's Short Sleeve Tri-blend Badge Tee Grey
13513,GGOEGAWQ062953,Apparel,Google Baby Essentials Set
13575,GGOEGAWQ062948,Apparel,Google Baby Essentials Set
13679,GGOEAAEJ033414,Apparel,Android Men's Long Sleeve Badge Crew Tee Heather
13769,GGOEGADC059313,Apparel,Google Men's Airflow 1/4 Zip Pullover Lapis
13781,GGOEGALJ057913,Apparel,Google Women's Short Sleeve Performance Tee Charcoal
13964,GGOEGAAJ080717,Apparel,Google Men's Around The Block Short Sleeve Tee Ash
14031,GGOEGAYR068225,Apparel,Google Youth Short Sleeve Tee Red
14047,GGOEGAYC068325,Apparel,Google Youth Short Sleeve T-shirt Royal Blue
14064,GGOEAAWQ063048,Apparel,Android Baby Esssentials Set
14065,GGOEAAWQ063049,Apparel,Android Baby Esssentials Set
14273,GGOEYAWJ061449,Apparel,YouTube Onesie Heather
14308,GGOEGAWQ062949,Apparel,Google Baby Essentials Set
14379,GGOEWCKQ085457,Accessories,Waze Pack of 9 Decal Set
14486,GGOEAAWN062650,Apparel,Android Infant Short Sleeve Tee Pink
14530,GGOEGBRB073899,Backpacks,Google Laptop Tech Backpack
14551,GGOEGAYT068526,Apparel,Google Youth Short Sleeve T-shirt Yellow
14898,GGOEYAEA035116,Apparel,YouTube Men's Vintage Henley
14944,GGOEGAWR061053,Apparel,Google Onesie Red/Graphite
15072,GGOEWALJ083415,Waze,Waze Women's Typography Short Sleeve Tee
15446,GGOEGAEJ030817,Apparel,Google Women's Long Sleeve Blended Cardigan Charcoal
15832,GGOEYAEB030014,Apparel,YouTube Women's Racer Back Tank Black
15850,GGOEAAAJ080813,Apparel,Android Men's Engineer Short Sleeve Tee Charcoal
16135,GGOEGAEJ030813,Apparel,Google Women's Long Sleeve Blended Cardigan Charcoal
16140,GGOEAAEJ033416,Apparel,Android Men's Long Sleeve Badge Crew Tee Heather
16332,GGOEGALJ057914,Apparel,Google Women's Short Sleeve Performance Tee Charcoal
16567,GGOEGATH060713,Apparel,Google Women's Convertible Vest-Jacket Sea Foam Green
16572,GGOEAAAJ032917,Apparel,Android Men's Long & Lean Badge Tee Charcoal
16620,GGOEGALJ034416,Apparel,Google Women's Vintage Hero Tee Platinum
16692,GGOEYAAJ033016,Apparel,YouTube Men's Long & Lean Tee Charcoal
16878,GGOEGARJ058415,Apparel,Google Women's Yoga Pants
16910,GGOEGAHB057413,Apparel,Google Men's Performance Polo Grey/Black
17028,GGOEAAAP081216,Apparel,Android Men's Take Charge Short Sleeve Tee Purple
17090,GGOEGAEJ030814,Apparel,Google Women's Long Sleeve Blended Cardigan Charcoal
17198,GGOEGATH060715,Apparel,Google Women's Convertible Vest-Jacket Sea Foam Green
17256,GGOEGAEJ030816,Apparel,Google Women's Long Sleeve Blended Cardigan Charcoal
17390,GGOEGALJ034414,Apparel,Google Women's Vintage Hero Tee Platinum
17543,GGOEGAPC058814,Apparel,Google Women's Shell Jacket Blue/Black
17548,GGOEGAEJ030815,Apparel,Google Women's Long Sleeve Blended Cardigan Charcoal
17572,GGOEGALJ034415,Apparel,Google Women's Vintage Hero Tee Platinum
17814,GGOEGAEJ028015,Apparel,Google Women's Short Sleeve Hero Tee Grey
18007,GGOEGALB034116,Apparel,Google Women's Vintage Hero Tee Black
18090,GGOEGALJ072913,Apparel,Google Women's Performance Hero Tee Gunmetal
18199,GGOEGAWC061950,Apparel,Google Infant Short Sleeve Tee Royal Blue
18245,GGOEGADJ059815,Apparel,Google Men's Convertible Vest-Jacket Pewter
18382,GGOEGALJ073316,Apparel,Google Women's Short Sleeve Hero Tee Heather
18392,GGOEGAPB058612,Apparel,Google Women's Yoga Jacket Black
18739,GGOEAAEH035215,Apparel,Android Men's Vintage Henley
19158,GGOEAHPJ004213,Headgear,Android Stretch Fit Hat S/M
19183,GGOEGALJ034417,Apparel,Google Women's Vintage Hero Tee Platinum
19327,GGOEAAAH083313,Android,Android Men's Paradise Short Sleeve Tee Olive
19349,GGOEGAWC061948,Apparel,Google Infant Short Sleeve Tee Royal Blue
19538,GGOEAAEJ030917,Apparel,Android Women's Long Sleeve Blended Cardigan Grey
19678,GGOEGALJ072914,Apparel,Google Women's Performance Hero Tee Gunmetal
19855,GGOEWALJ083413,Waze,Waze Women's Typography Short Sleeve Tee
20053,GGOEGALJ073315,Apparel,Google Women's Short Sleeve Hero Tee Heather
20376,GGOEGAXR065129,Apparel,Google Toddler Short Sleeve Tee Red
20523,GGOEGALJ072917,Apparel,Google Women's Performance Hero Tee Gunmetal
20620,GGOEGAXR066055,Apparel,Google Toddler Sports T-shirt Red
20647,GGOEGATB060613,Apparel,Google Women's Convertible Vest-Jacket Black
21160,GGOEWAAJ082813,Waze,Waze Men's Short Sleeve Tee
21272,GGOEYAEJ029017,Apparel,YouTube Women's Short Sleeve Hero Tee Charcoal
21391,GGOEGALJ073313,Apparel,Google Women's Short Sleeve Hero Tee Heather
21598,GGOEGALQ058116,Apparel,Google Women's Colorblock Tee White
21811,GGOEYAEB035617,Apparel,YouTube Men's Vintage Tank
21947,GGOEGAAC035013,Apparel,Google Men's Bayside Graphic Tee
23523,GGOEGAPJ058015,Apparel,Google Women's 1/4 Zip Jacket Charcoal
23802,GGOEGAAJ057013,Apparel,Google Men's Short Sleeve Performance Badge Tee Charcoal
24090,GGOEYAEJ029016,Apparel,YouTube Women's Short Sleeve Hero Tee Charcoal
24468,GGOEWAAJ083516,Waze,Waze Men's Typography Short Sleeve Tee
24545,GGOEGADJ059718,Apparel,Google Men's Quilted Insulated Vest Battleship Grey
24708,GGOEGALJ072916,Apparel,Google Women's Performance Hero Tee Gunmetal
25046,GGOEGAEJ028917,Apparel,Google Women's Short Sleeve Hero Dark Grey
25215,GGOEGAWR061150,Apparel,Google Onesie Red
25265,GGOEGALJ060114,Apparel,Google Women's Short Sleeve Performance Tee Pewter
25848,GGOEGAUC057717,Apparel,Google Women's Performance Golf Polo Blue
26160,GGOEGATB060617,Apparel,Google Women's Convertible Vest-Jacket Black
26243,GGOEGAWR061154,Apparel,Google Onesie Red
26720,GGOEGADJ057113,Apparel,Google Men's Performance 1/4 Zip Pullover Heather/Black
26757,GGOEAAQB036116,Apparel,Android Women's Fleece Hoodie
26839,GGOEGAPC058812,Apparel,Google Women's Shell Jacket Blue/Black
26954,GGOEAAAH083317,Android,Android Men's Paradise Short Sleeve Tee Olive
26959,GGOEAAWT061754,Apparel,Android Onesie Gold
27020,GGOEGADC059317,Apparel,Google Men's Airflow 1/4 Zip Pullover Lapis
27408,GGOEGATH060716,Apparel,Google Women's Convertible Vest-Jacket Sea Foam Green
27551,GGOEGAPJ058012,Apparel,Google Women's 1/4 Zip Jacket Charcoal
27742,GGOEGALJ060116,Apparel,Google Women's Short Sleeve Performance Tee Pewter
27781,GGOEYAEJ029516,Apparel,YouTube Women's Short Sleeve Tri-blend Badge Tee Charcoal
28591,GGOEGAWC061949,Apparel,Google Infant Short Sleeve Tee Royal Blue
28663,GGOEGAWR061848,Apparel,Google Infant Short Sleeve Tee Red
28715,GGOEYAEJ029616,Apparel,YouTube Women's Short Sleeve Tri-blend Badge Tee Grey
29024,GGOEGAAJ057018,Apparel,Google Men's Short Sleeve Performance Badge Tee Charcoal
29128,GGOEGAEJ028116,Apparel,Google Women's Short Sleeve Badge Tee Grey
29767,GGOEGAAQ057213,Apparel,Google Men's Colorblock Tee White/Heather
29887,GGOEGALJ057912,Apparel,Google Women's Short Sleeve Performance Tee Charcoal
30272,GGOEGAPB058616,Apparel,Google Women's Yoga Jacket Black
30751,GGOEGAXR066029,Apparel,Google Toddler Sports T-shirt Red
31054,GGOEGADB059618,Apparel,Google Men's Quilted Insulated Vest Black
31870,GGOENEBQ086499,Nest,Nest Cam IQ - USA
32501,GGOEYAEJ029517,Apparel,YouTube Women's Short Sleeve Tri-blend Badge Tee Charcoal
32580,GGOEAAEJ035717,Apparel,Android Men's Vintage Tank
32617,GGOEGAUC057715,Apparel,Google Women's Performance Golf Polo Blue
32618,GGOEGAUC057716,Apparel,Google Women's Performance Golf Polo Blue
32722,GGOEGAAX0100,Gift Cards,Gift Card - $10.00
33287,GGOEGAPJ058017,Apparel,Google Women's 1/4 Zip Jacket Charcoal
34249,GGOEGADJ057117,Apparel,Google Men's Performance 1/4 Zip Pullover Heather/Black
34662,GGOEWAAJ083517,Waze,Waze Men's Typography Short Sleeve Tee
35475,GGOEGATH060717,Apparel,Google Women's Convertible Vest-Jacket Sea Foam Green
36277,GGOEGALJ057916,Apparel,Google Women's Short Sleeve Performance Tee Charcoal
36885,GGOEGADJ057118,Apparel,Google Men's Performance 1/4 Zip Pullover Heather/Black
37721,GGOEGALJ060117,Apparel,Google Women's Short Sleeve Performance Tee Pewter
38394,GGOEGCKQ084999,Accessories,Emoji Sticker Sheet
39002,GGOENEBQ092299,Nest,Nest Secure Alarm System Starter Pack - USA
39027,GGOENEBQ092399,Nest,Nest Cam IQ Outdoor - USA (Preorder)
39435,GGOEGAPB057613,Apparel,Google Women's Softshell Jacket Black/Grey
39492,GGOENEBQ086799,Nest,Nest Thermostat E - USA
40149,GGOEGATB060418,Apparel,Google Women's Quilted Insulated Vest Black
41078,GGOEGAEE031014,Apparel,Google Men's Heavyweight Long Sleeve Hero Tee Burgundy
41326,GGOEGALJ057917,Apparel,Google Women's Short Sleeve Performance Tee Charcoal
41329,GGOEGATC060317,Apparel,Google Women's 1/4 Zip Performance Pullover Two-Tone Blue
41556,GGOEGOCC017699,Office,Compact Journal with Recycled Pages
41781,GGOENEBQ086899,Nest,Nest  Thermostat E - CA
42179,GGOEGAEE031013,Apparel,Google Men's Heavyweight Long Sleeve Hero Tee Burgundy
43002,GGOEGADB056718,Apparel,Men's Softshell Jacket Black/Grey
43172,GGOEGOCL087799,Office,Google Large Standard Journal Navy
43238,GGOEAFKA087499,Accessories,Android Small Removable Sticker Sheet
43383,GGOEGAPB057615,Apparel,Google Women's Softshell Jacket Black/Grey
43696,GGOEAFKA087599,Accessories,Android Large Removable Sticker Sheet
43871,GGOEGATJ060517,Apparel,Google Women's Quilted Insulated Vest White
43893,GGOEGAPB057616,Apparel,Google Women's Softshell Jacket Black/Grey
43957,GGOENEBQ086599,Nest,Nest Cam IQ - CA
44292,GGOEGDHJ087399,Bags,Google Rolltop Backpack Blue
45343,GGOEGAPB087899,Headgear,Google Snapback Black Cap
45547,GGOEGAPL087999,Headgear,Google Snapback Navy Cap
45710,GGOEWALJ083414,Waze,Waze Women's Typography Short Sleeve Tee
45874,GGOEGALL074617,Apparel,Google Women's Short Sleeve Badge Tee Navy
46052,GGOEGFKA086699,Accessories,Google Emoji Sticker Pack
46192,GGOEYAWQ089748,Apparel,YouTube Kids Onesie White
46193,GGOEYAWQ089753,Apparel,YouTube Kids Onesie White
46199,GGOEGAXB089228,Apparel,Google Trike Tee Black
46200,GGOEYAWQ089749,Apparel,YouTube Kids Onesie White
46315,GGOEGAEC090712,Apparel,Google Tee Blue
46316,GGOEGAEC090714,Apparel,Google Tee Blue
46317,GGOEGAEC090716,Apparel,Google Tee Blue
46342,GGOEGAXB089230,Apparel,Google Trike Tee Black
46444,GGOEGAEC090718,Apparel,Google Tee Blue
46463,GGOEGAEC090715,Apparel,Google Tee Blue
46485,GGOEGAXB089229,Apparel,Google Trike Tee Black
46523,GGOEGAEL091318,Apparel,Google Crew Sweater Navy
46529,GGOEGAEL091312,Apparel,Google Crewneck Sweatshirt Navy
46530,GGOEGAEL091314,Apparel,Google Crew Sweater Navy
46537,GGOEYALQ091915,Apparel,YouTube Women's Favorite Tee White
46543,GGOEGAEL091316,Apparel,Google Crewneck Sweatshirt Navy
46638,GGOEGAXL089429,Apparel,Google Protector Tee Navy
46643,GGOEGAXL089428,Apparel,Google Protector Tee Navy
46730,GGOEGAEL091315,Apparel,Google Crew Sweater Navy
46731,GGOEGAEL091317,Apparel,Google Crew Sweater Navy
46782,GGOEGAEC090713,Apparel,Google Tee Blue
46786,GGOEGAEL091313,Apparel,Google Crew Sweater Navy
46945,GGOEYAXQ089529,Apparel,YouTube Kids Tee White
47104,GGOEGAEC090717,Apparel,Google Tee Blue
47185,GGOEGAXP089329,Apparel,Google Flower Tee Purple
47253,GGOEGAXP089328,Apparel,Google Flower Tee Purple
47307,GGOEYAXQ089555,Apparel,YouTube Kids Tee White
47447,GGOEGAEQ027917,Apparel,Google Women's Short Sleeve Hero Tee White
47817,GGOEGAXB089255,Apparel,Google Trike Tee Black
48101,GGOEAAEQ091615,Apparel,Android Matrix Tee White
48125,GGOEAAEQ091613,Apparel,Android Matrix Tee White
48186,GGOEGAEH090616,Apparel,Google Tee Green
48187,GGOEGALJ091013,Apparel,Google Women's Tee Grey
48212,GGOEGALJ091014,Apparel,Google Women's Tee Grey
48214,GGOEYAEB091815,Apparel,YouTube Tee Black
48215,GGOEYAEB091816,Apparel,YouTube Tee Black
48232,GGOEYAEB091814,Apparel,YouTube Tee Black
48234,GGOEYALQ091913,Apparel,YouTube Women's Favorite Tee White
48288,GGOEAALB091514,Apparel,Android Women's Peace Tee Black
48289,GGOEAALJ091414,Apparel,Android Women's Dash Tee Grey
48290,GGOEGAEH090614,Apparel,Google Tee Green
48293,GGOEYAEJ092114,Apparel,YouTube 3 lines Tee Grey
48303,GGOEAAEQ091614,Apparel,Android Matrix Tee White
48336,GGOEYAEJ092113,Apparel,YouTube 3 lines Tee Grey
48337,GGOEYAEJ092115,Apparel,YouTube 3 lines Tee Grey
48378,GGOEGAEH090615,Apparel,Google Tee Green
48477,GGOEYAEB091812,Apparel,YouTube Tee Black
48499,GGOEGAEH090617,Apparel,Google Tee Green
48541,GGOEYAEB091813,Apparel,YouTube Tee Black
48558,GGOEGAXP089355,Apparel,Google Flower Tee Purple
48664,GGOEGAXL089430,Apparel,Google Protector Tee Navy
48717,GGOEAALJ091413,Apparel,Android Women's Dash Tee Grey
49094,GGOEGAXL089455,Apparel,Google Protector Tee Navy
49101,GGOEGAEH090613,Apparel,Google Tee Green
49163,GGOEGALJ091016,Apparel,Google Women's Tee Grey
49213,GGOEYAEJ092116,Apparel,YouTube 3 lines Tee Grey
49215,GGOEAAEQ091617,Apparel,Android Matrix Tee White
49216,GGOEAAEQ091618,Apparel,Android Matrix Tee White
49221,GGOEGAEH090618,Apparel,Google Tee Green
49309,GGOEYAEJ092117,Apparel,YouTube 3 lines Tee Grey
49315,GGOEYAEB091817,Apparel,YouTube Tee Black
49318,GGOEYAWQ089750,Apparel,YouTube Kids Onesie White
49350,GGOEAAEQ091612,Apparel,Android Matrix Tee White
49359,GGOEGALJ091015,Apparel,Google Women's Tee Grey
49455,GGOEGAER090414,Apparel,Google Tee Red
49624,GGOEAAEQ091616,Apparel,Android Matrix Tee White
49795,GGOEAAEB091713,Apparel,Android Tone Hoodie Black
49911,GGOEGGCX092599,Gift Cards,Gift Card - $10.00
50033,GGOEGAEH090612,Apparel,Google Tee Green
50051,GGOEAAEB091715,Apparel,Android Tone Hoodie Black
50052,GGOEAAEB091716,Apparel,Android Tone Hoodie Black
50082,GGOEGAEB090917,Apparel,Google Braille Tee Black
50091,GGOEAAEB091714,Apparel,Android Tone Hoodie Black
50171,GGOENEBQ093499,Nest,Nest Detect - USA
50286,GGOEAALB091513,Apparel,Android Women's Peace Tee Black
50377,GGOENEBQ093599,Nest,Nest Tag - USA
50391,GGOEGDHH087299,Drinkware,Google Thermal Bottle Green
50415,GGOEAAEB091717,Apparel,Android Tone Hoodie Black
50434,GGOEGAET090513,Apparel,Google Tee Yellow
50444,GGOEYAXQ089528,Apparel,YouTube Kids Tee White
50446,GGOEYOCB092699,Notebooks & Journals,YouTube Transmission Journal Black
50455,GGOEYALQ091914,Apparel,YouTube Women's Favorite Tee White
50467,GGOEGAXP089330,Apparel,Google Flower Tee Purple
50468,GGOEGDHR086999,Drinkware,Google Thermal Bottle Red
50484,GGOEGDHT087199,Drinkware,Google Thermal Bottle Yellow
50490,GGOEGDHC087099,Drinkware,Google Thermal Bottle Blue
50505,GGOEYAXB089629,Apparel,YouTube Kids Tee Black
50517,GGOEYAXB089655,Apparel,YouTube Kids Tee Black
50529,GGOEAALB091515,Apparel,Android Women's Peace Tee Black
50530,GGOEGAEB090913,Apparel,Google Braille Tee Black
50531,GGOEGAEB090914,Apparel,Google Braille Tee Black
50532,GGOEGAEB090915,Apparel,Google Braille Tee Black
50533,GGOEGAEB090916,Apparel,Google Braille Tee Black
50547,GGOEYAXB089630,Apparel,YouTube Kids Tee Black
50560,GGOEGAET090515,Apparel,Google Tee Yellow
50583,GGOEGAET090514,Apparel,Google Tee Yellow
50747,GGOEGAEB090912,Apparel,Google Braille Tee Black
50957,GGOEGAET090516,Apparel,Google Tee Yellow
51080,GGOEYAEB091818,Apparel,YouTube Tee Black
51287,GGOEGALL093216,Apparel,Google Women's Coder Tee Navy
51359,GGOEGAET090512,Apparel,Google Tee Yellow
51388,GGOEAAEB091712,Apparel,Android Tone Hoodie Black
51599,GGOEAAEB091718,Apparel,Android Tone Hoodie Black
51628,GGOEGAET090517,Apparel,Google Tee Yellow
51684,GGOEGAWH062050,Apparel,Google Infant Short Sleeve Tee Green
51701,GGOEGAEB091114,Apparel,Google Zip Hoodie Black
51752,GGOEGAEB091115,Apparel,Google Zip Hoodie Black
51764,GGOEYAEJ092118,Apparel,YouTube 3 lines Tee Grey
51840,GGOEGAEB091116,Apparel,Google Zip Hoodie Black
51870,GGOEGALL093214,Apparel,Google Women's Coder Tee Navy
51881,GGOEGAEB091113,Apparel,Google Zip Hoodie Black
51910,GGOEGAEB091117,Apparel,Google Zip Hoodie Black
52052,GGOEGAWH062048,Apparel,Google Infant Short Sleeve Tee Green
52128,GGOEGAWH062049,Apparel,Google Infant Short Sleeve Tee Green
52534,GGOEGAEB091118,Apparel,Google Zip Hoodie Black
52624,GGOEGAEB091112,Apparel,Google Zip Hoodie Black
52695,GGOEGDHQ086199,Drinkware,Google White Force 17 oz Bottle
52711,GGOEGDWQ087699,Drinkware,Google Hub Mug White
52851,GGOEGOCJ093999,Office,Google Large Standard Journal Grey
